Date,Close,High,Low,Open,Volume
2020-11-23,12926.4501953125,12968.849609375,12825.7001953125,12960.2998046875,633100
2020-11-24,13055.150390625,13079.099609375,12978.0,13002.599609375,571900
2020-11-25,12858.400390625,13145.849609375,12833.650390625,13130.0,679000
2020-11-26,12987.0,13018.0,12790.400390625,12906.4501953125,549800
2020-11-27,12968.9501953125,13035.2998046875,12914.2998046875,13012.0498046875,1162400
2020-12-01,13109.0498046875,13128.400390625,12962.7998046875,13062.2001953125,583600
2020-12-02,13113.75,13128.5,12983.5498046875,13121.400390625,717700
2020-12-03,13133.900390625,13216.599609375,13107.900390625,13215.2998046875,713700
2020-12-04,13258.5498046875,13280.0498046875,13152.849609375,13177.400390625,640500
2020-12-07,13355.75,13366.650390625,13241.9501953125,13264.849609375,591700
2020-12-08,13392.9501953125,13435.4501953125,13311.0498046875,13393.849609375,543200
2020-12-09,13529.099609375,13548.900390625,13449.599609375,13458.099609375,502600
2020-12-10,13478.2998046875,13503.5498046875,13399.2998046875,13488.5,553400
2020-12-11,13513.849609375,13579.349609375,13402.849609375,13512.2998046875,787700
2020-12-14,13558.150390625,13597.5,13472.4501953125,13571.4501953125,558400
2020-12-15,13567.849609375,13589.650390625,13447.0498046875,13547.2001953125,497600
2020-12-16,13682.7001953125,13692.349609375,13606.4501953125,13663.099609375,462200
2020-12-17,13740.7001953125,13773.25,13673.5498046875,13713.5498046875,416000
2020-12-18,13760.5498046875,13772.849609375,13658.599609375,13764.400390625,519400
2020-12-21,13328.400390625,13777.5,13131.4501953125,13741.900390625,687300
2020-12-22,13466.2998046875,13492.0498046875,13192.900390625,13373.650390625,696200
2020-12-23,13601.099609375,13619.4501953125,13432.2001953125,13473.5,458700
2020-12-24,13749.25,13771.75,13626.900390625,13672.150390625,471400
2020-12-28,13873.2001953125,13885.2998046875,13811.5498046875,13815.150390625,403600
2020-12-29,13932.599609375,13967.599609375,13859.900390625,13910.349609375,439600
2020-12-30,13981.9501953125,13997.0,13864.9501953125,13980.900390625,380700
2020-12-31,13981.75,14024.849609375,13936.4501953125,13970.0,452400
2021-01-01,14018.5,14049.849609375,13991.349609375,13996.099609375,358100
2021-01-04,14132.900390625,14147.9501953125,13953.75,14104.349609375,495000
2021-01-05,14199.5,14215.599609375,14048.150390625,14075.150390625,492500
2021-01-06,14146.25,14244.150390625,14039.900390625,14240.9501953125,632300
2021-01-07,14137.349609375,14256.25,14123.099609375,14253.75,559200
2021-01-08,14347.25,14367.2998046875,14221.650390625,14258.400390625,613500
2021-01-11,14484.75,14498.2001953125,14383.099609375,14474.0498046875,672900
2021-01-12,14563.4501953125,14590.650390625,14432.849609375,14473.7998046875,929600
2021-01-13,14564.849609375,14653.349609375,14435.7001953125,14639.7998046875,874000
2021-01-14,14595.599609375,14617.7998046875,14471.5,14550.0498046875,620200
2021-01-15,14433.7001953125,14617.4501953125,14357.849609375,14594.349609375,789600
2021-01-18,14281.2998046875,14459.150390625,14222.7998046875,14453.2998046875,762000
2021-01-19,14521.150390625,14546.0498046875,14350.849609375,14371.650390625,546100
2021-01-20,14644.7001953125,14666.4501953125,14517.5498046875,14538.2998046875,623100
2021-01-21,14590.349609375,14753.5498046875,14517.25,14730.9501953125,704600
2021-01-22,14371.900390625,14619.900390625,14357.75,14583.400390625,776800
2021-01-25,14238.900390625,14491.099609375,14218.599609375,14477.7998046875,618600
2021-01-27,13967.5,14237.9501953125,13929.2998046875,14237.9501953125,660700
2021-01-28,13817.5498046875,13898.25,13713.25,13810.400390625,637900
2021-01-29,13634.599609375,13966.849609375,13596.75,13946.599609375,753200
2021-02-01,14281.2001953125,14336.349609375,13661.75,13758.599609375,870500
2021-02-02,14647.849609375,14731.7001953125,14469.150390625,14481.099609375,915000
2021-02-03,14789.9501953125,14868.849609375,14574.150390625,14754.900390625,869500
2021-02-04,14895.650390625,14913.7001953125,14714.75,14789.0498046875,884700
2021-02-05,14924.25,15014.650390625,14864.75,14952.599609375,935600
2021-02-08,15115.7998046875,15159.900390625,15041.0498046875,15064.2998046875,671200
2021-02-09,15109.2998046875,15257.099609375,15064.2998046875,15164.150390625,713300
2021-02-10,15106.5,15168.25,14977.2001953125,15119.0498046875,624800
2021-02-11,15173.2998046875,15188.5,15065.400390625,15073.25,500100
2021-02-12,15163.2998046875,15243.5,15081.0,15186.2001953125,571800
2021-02-15,15314.7001953125,15340.150390625,15243.400390625,15270.2998046875,456000
2021-02-16,15313.4501953125,15431.75,15242.2001953125,15371.4501953125,648500
2021-02-17,15208.900390625,15314.2998046875,15170.75,15279.900390625,504800
2021-02-18,15118.9501953125,15250.75,15078.0498046875,15238.7001953125,770600
2021-02-19,14981.75,15144.0498046875,14898.2001953125,15074.7998046875,712200
2021-02-22,14675.7001953125,15010.099609375,14635.0498046875,14999.0498046875,609900
2021-02-23,14707.7998046875,14854.5,14651.849609375,14782.25,744100
2021-02-24,14982.0,15008.7998046875,14504.5,14729.150390625,403800
2021-02-25,15097.349609375,15176.5,15065.349609375,15079.849609375,803900
2021-02-26,14529.150390625,14919.4501953125,14467.75,14888.599609375,1103600
2021-03-01,14761.5498046875,14806.7998046875,14638.5498046875,14702.5,507300
2021-03-02,14919.099609375,14959.099609375,14760.7998046875,14865.2998046875,621700
2021-03-03,15245.599609375,15273.150390625,14995.7998046875,15064.400390625,544200
2021-03-04,15080.75,15202.349609375,14980.2001953125,15026.75,534900
2021-03-05,14938.099609375,15092.349609375,14862.099609375,14977.9501953125,640700
2021-03-08,14956.2001953125,15111.150390625,14919.900390625,15002.4501953125,0
2021-03-09,15098.400390625,15126.849609375,14925.4501953125,15049.900390625,675300
2021-03-10,15174.7998046875,15218.4501953125,15100.849609375,15202.150390625,404600
2021-03-12,15030.9501953125,15336.2998046875,14953.599609375,15321.150390625,493200
2021-03-15,14929.5,15048.400390625,14745.849609375,15048.400390625,467500
2021-03-16,14910.4501953125,15051.599609375,14890.650390625,14996.099609375,100
2021-03-17,14721.2998046875,14956.5498046875,14696.0498046875,14946.5498046875,100
2021-03-18,14557.849609375,14875.2001953125,14478.599609375,14855.5,542200
2021-03-19,14744.0,14788.25,14350.099609375,14471.150390625,919200
2021-03-22,14736.400390625,14763.900390625,14597.849609375,14736.2998046875,459000
2021-03-23,14814.75,14878.599609375,14707.0,14768.5498046875,474200
2021-03-24,14549.400390625,14752.349609375,14535.0,14712.4501953125,456400
2021-03-25,14324.900390625,14575.599609375,14264.400390625,14570.900390625,606800
2021-03-26,14507.2998046875,14572.900390625,14414.25,14506.2998046875,481000
2021-03-30,14845.099609375,14876.2998046875,14617.599609375,14628.5,594500
2021-03-31,14690.7001953125,14813.75,14670.25,14811.849609375,463900
2021-04-01,14867.349609375,14883.2001953125,14692.4501953125,14798.400390625,445000
2021-04-05,14637.7998046875,14849.849609375,14459.5,14837.7001953125,509700
2021-04-06,14683.5,14779.099609375,14573.900390625,14737.0,475300
2021-04-07,14819.0498046875,14879.7998046875,14649.849609375,14716.4501953125,0
2021-04-08,14873.7998046875,14984.150390625,14821.099609375,14875.650390625,514800
2021-04-09,14834.849609375,14918.4501953125,14785.650390625,14882.650390625,504100
2021-04-12,14310.7998046875,14652.5,14248.7001953125,14644.650390625,650200
2021-04-13,14504.7998046875,14528.900390625,14274.900390625,14364.900390625,605100
2021-04-15,14581.4501953125,14597.5498046875,14353.2001953125,14522.400390625,568000
2021-04-16,14617.849609375,14697.7001953125,14559.0,14599.599609375,577200
2021-04-19,14359.4501953125,14382.2998046875,14191.400390625,14306.599609375,512300
2021-04-20,14296.400390625,14526.9501953125,14207.2998046875,14526.7001953125,467400
2021-04-22,14406.150390625,14424.75,14151.400390625,14219.150390625,524600
2021-04-23,14341.349609375,14461.150390625,14273.2998046875,14326.349609375,498100
2021-04-26,14485.0,14557.5,14421.2998046875,14449.4501953125,452700
2021-04-27,14653.0498046875,14667.5498046875,14484.849609375,14493.7998046875,451800
2021-04-28,14864.5498046875,14890.25,14694.9501953125,14710.5,457000
2021-04-29,14894.900390625,15044.349609375,14814.4501953125,14979.0,517500
2021-04-30,14631.099609375,14855.4501953125,14601.7001953125,14747.349609375,613900
2021-05-03,14634.150390625,14673.849609375,14416.25,14481.0498046875,448900
2021-05-04,14496.5,14723.400390625,14461.5,14687.25,503400
2021-05-05,14617.849609375,14637.900390625,14506.599609375,14604.150390625,455900
2021-05-06,14724.7998046875,14743.900390625,14611.5,14668.349609375,467800
2021-05-07,14823.150390625,14863.0498046875,14765.5,14816.849609375,488000
2021-05-10,14942.349609375,14966.900390625,14892.5,14928.25,522000
2021-05-11,14850.75,14900.0,14771.400390625,14789.7001953125,647400
2021-05-12,14696.5,14824.0498046875,14649.7001953125,14823.5498046875,643800
2021-05-14,14677.7998046875,14749.650390625,14591.900390625,14749.400390625,620700
2021-05-17,14923.150390625,14938.0,14725.349609375,14756.25,546400
2021-05-18,15108.099609375,15137.25,15043.7001953125,15067.2001953125,583900
2021-05-19,15030.150390625,15133.400390625,15008.849609375,15058.599609375,569100
2021-05-20,14906.0498046875,15069.7998046875,14884.900390625,15042.599609375,480300
2021-05-21,15175.2998046875,15190.0,14985.849609375,14987.7998046875,572900
2021-05-24,15197.7001953125,15256.25,15145.4501953125,15211.349609375,579800
2021-05-25,15208.4501953125,15293.849609375,15163.400390625,15291.75,441500
2021-05-26,15301.4501953125,15319.900390625,15194.9501953125,15257.0498046875,384000
2021-05-27,15337.849609375,15384.5498046875,15272.5,15323.9501953125,0
2021-05-28,15435.650390625,15469.650390625,15394.75,15421.2001953125,468100
2021-05-31,15582.7998046875,15606.349609375,15374.0,15437.75,436000
2021-06-01,15574.849609375,15660.75,15528.2998046875,15629.650390625,409600
2021-06-02,15576.2001953125,15597.4501953125,15459.849609375,15520.349609375,428600
2021-06-03,15690.349609375,15705.099609375,15611.0,15655.5498046875,410200
2021-06-04,15670.25,15733.599609375,15622.349609375,15712.5,414200
2021-06-07,15751.650390625,15773.4501953125,15678.099609375,15725.099609375,394000
2021-06-08,15740.099609375,15778.7998046875,15680.0,15773.900390625,378200
2021-06-09,15635.349609375,15800.4501953125,15566.900390625,15766.2998046875,457900
2021-06-10,15737.75,15751.25,15648.5,15692.099609375,298300
2021-06-11,15799.349609375,15835.5498046875,15749.7998046875,15796.4501953125,363000
2021-06-14,15811.849609375,15823.0498046875,15606.5,15791.400390625,392900
2021-06-15,15869.25,15901.599609375,15842.400390625,15866.9501953125,323300
2021-06-16,15767.5498046875,15880.849609375,15742.599609375,15847.5,340200
2021-06-17,15691.400390625,15769.349609375,15616.75,15648.2998046875,357600
2021-06-18,15683.349609375,15761.5,15450.900390625,15756.5,640800
2021-06-21,15746.5,15765.150390625,15505.650390625,15525.849609375,351500
2021-06-22,15772.75,15895.75,15752.099609375,15840.5,322200
2021-06-23,15686.9501953125,15862.9501953125,15673.9501953125,15862.7998046875,287500
2021-06-24,15790.4501953125,15821.400390625,15702.7001953125,15737.2998046875,316700
2021-06-25,15860.349609375,15870.7998046875,15772.2998046875,15839.349609375,314600
2021-06-28,15814.7001953125,15915.650390625,15792.150390625,15915.349609375,255100
2021-06-29,15748.4501953125,15835.900390625,15724.0498046875,15807.5,360300
2021-06-30,15721.5,15839.099609375,15708.75,15776.900390625,262400
2021-07-01,15680.0,15755.5498046875,15667.0498046875,15755.0498046875,224900
2021-07-02,15722.2001953125,15738.349609375,15635.9501953125,15705.849609375,254800
2021-07-05,15834.349609375,15845.9501953125,15762.0498046875,15793.400390625,207000
2021-07-06,15818.25,15914.2001953125,15801.0,15813.75,391400
2021-07-07,15879.650390625,15893.5498046875,15779.7001953125,15819.599609375,329300
2021-07-08,15727.900390625,15885.75,15682.900390625,15855.400390625,307900
2021-07-09,15689.7998046875,15730.849609375,15632.75,15688.25,243200
2021-07-12,15692.599609375,15789.2001953125,15644.75,15766.7998046875,216300
2021-07-13,15812.349609375,15820.7998046875,15744.599609375,15794.0,246700
2021-07-14,15853.9501953125,15877.349609375,15764.2001953125,15808.7001953125,0
2021-07-15,15924.2001953125,15952.349609375,15855.0,15872.150390625,284900
2021-07-16,15923.400390625,15962.25,15882.599609375,15958.349609375,276300
2021-07-19,15752.400390625,15836.900390625,15707.5,15754.5,242100
2021-07-20,15632.099609375,15728.4501953125,15578.5498046875,15703.9501953125,274300
2021-07-22,15824.0498046875,15834.7998046875,15726.400390625,15736.599609375,265300
2021-07-23,15856.0498046875,15899.7998046875,15768.400390625,15856.7998046875,294100
2021-07-26,15824.4501953125,15893.349609375,15797.0,15849.2998046875,267100
2021-07-27,15746.4501953125,15881.5498046875,15701.0,15860.5,311000
2021-07-28,15709.400390625,15767.5,15513.4501953125,15761.5498046875,318600
2021-07-29,15778.4501953125,15817.349609375,15737.7998046875,15762.7001953125,401600
2021-07-30,15763.0498046875,15862.7998046875,15744.849609375,15800.599609375,400000
2021-08-02,15885.150390625,15892.900390625,15834.650390625,15874.900390625,244800
2021-08-03,16130.75,16146.900390625,15914.349609375,15951.5498046875,341300
2021-08-04,16258.7998046875,16290.2001953125,16176.150390625,16195.25,427300
2021-08-05,16294.599609375,16349.4501953125,16210.2998046875,16288.9501953125,418200
2021-08-06,16238.2001953125,16336.75,16223.2998046875,16304.400390625,320100
2021-08-09,16258.25,16320.75,16179.0498046875,16281.349609375,240500
2021-08-10,16280.099609375,16359.25,16202.25,16274.7998046875,288000
2021-08-11,16282.25,16338.75,16162.5498046875,16327.2998046875,277900
2021-08-12,16364.400390625,16375.5,16286.900390625,16303.650390625,280200
2021-08-13,16529.099609375,16543.599609375,16376.2998046875,16385.69921875,321900
2021-08-16,16563.05078125,16589.400390625,16480.75,16518.400390625,254000
2021-08-17,16614.599609375,16628.55078125,16495.400390625,16545.25,297400
2021-08-18,16568.849609375,16701.849609375,16535.849609375,16691.94921875,251800
2021-08-20,16450.5,16509.55078125,16376.0498046875,16382.5,350800
2021-08-23,16496.44921875,16592.5,16395.69921875,16592.25,275600
2021-08-24,16624.599609375,16647.099609375,16495.30078125,16561.400390625,275400
2021-08-25,16634.650390625,16712.44921875,16617.5,16654.0,265900
2021-08-26,16636.900390625,16683.69921875,16603.400390625,16627.94921875,253500
2021-08-27,16705.19921875,16722.05078125,16565.599609375,16642.55078125,217400
2021-08-30,16931.05078125,16951.5,16764.849609375,16775.849609375,283500
2021-08-31,17132.19921875,17153.5,16915.849609375,16947.5,464400
2021-09-01,17076.25,17225.75,17055.05078125,17185.599609375,301900
2021-09-02,17234.150390625,17245.5,17059.69921875,17095.400390625,242400
2021-09-03,17323.599609375,17340.099609375,17212.19921875,17262.44921875,261400
2021-09-06,17377.80078125,17429.55078125,17345.55078125,17399.349609375,228000
2021-09-07,17362.099609375,17436.5,17287.0,17401.55078125,243400
2021-09-08,17353.5,17383.400390625,17254.19921875,17375.75,252700
2021-09-09,17369.25,17379.650390625,17302.69921875,17312.849609375,241500
2021-09-13,17355.30078125,17378.349609375,17269.150390625,17363.55078125,241100
2021-09-14,17380.0,17438.55078125,17367.05078125,17420.349609375,230400
2021-09-15,17519.44921875,17532.69921875,17386.900390625,17387.650390625,388200
2021-09-16,17629.5,17644.599609375,17510.44921875,17539.19921875,503300
2021-09-17,17585.150390625,17792.94921875,17537.650390625,17709.650390625,508300
2021-09-20,17396.900390625,17622.75,17361.80078125,17443.849609375,339100
2021-09-21,17562.0,17578.349609375,17326.099609375,17450.5,363600
2021-09-22,17546.650390625,17610.44921875,17524.0,17580.900390625,295200
2021-09-23,17822.94921875,17843.900390625,17646.55078125,17670.849609375,320500
2021-09-24,17853.19921875,17947.650390625,17819.400390625,17897.44921875,360100
2021-09-27,17855.099609375,17943.5,17802.900390625,17932.19921875,295700
2021-09-28,17748.599609375,17912.849609375,17576.099609375,17906.44921875,398000
2021-09-29,17711.30078125,17781.75,17608.150390625,17657.94921875,562200
2021-09-30,17618.150390625,17742.150390625,17585.349609375,17718.900390625,378600
2021-10-01,17532.05078125,17557.150390625,17452.900390625,17531.900390625,305800
2021-10-04,17691.25,17750.900390625,17581.349609375,17615.55078125,295800
2021-10-05,17822.30078125,17833.44921875,17640.900390625,17661.349609375,427000
2021-10-06,17646.0,17884.599609375,17613.150390625,17861.5,395800
2021-10-07,17790.349609375,17857.55078125,17763.80078125,17810.55078125,419900
2021-10-08,17895.19921875,17941.849609375,17840.349609375,17886.849609375,324100
2021-10-11,17945.94921875,18041.94921875,17839.099609375,17867.55078125,375800
2021-10-12,17991.94921875,18008.650390625,17864.94921875,17915.80078125,355600
2021-10-13,18161.75,18197.80078125,18050.75,18097.849609375,506700
2021-10-14,18338.55078125,18350.75,18248.69921875,18272.849609375,538700
2021-10-18,18477.05078125,18543.150390625,18445.30078125,18500.099609375,469900
2021-10-19,18418.75,18604.44921875,18377.69921875,18602.349609375,368200
2021-10-20,18266.599609375,18458.30078125,18209.349609375,18439.900390625,371300
2021-10-21,18178.099609375,18384.19921875,18048.0,18382.69921875,365900
2021-10-22,18114.900390625,18314.25,18034.349609375,18230.69921875,324700
2021-10-25,18125.400390625,18241.400390625,17968.5,18229.5,418700
2021-10-26,18268.400390625,18310.44921875,18099.30078125,18154.5,341400
2021-10-27,18210.94921875,18342.05078125,18167.900390625,18295.849609375,335200
2021-10-28,17857.25,18190.69921875,17799.44921875,18187.650390625,374200
2021-10-29,17671.650390625,17915.849609375,17613.099609375,17833.05078125,336500
2021-11-01,17929.650390625,17954.099609375,17697.099609375,17783.150390625,281200
2021-11-02,17888.94921875,18012.25,17847.599609375,17970.900390625,296400
2021-11-03,17829.19921875,17988.75,17757.94921875,17947.94921875,331000
2021-11-04,17916.80078125,17947.55078125,17900.599609375,17935.05078125,48500
2021-11-08,18068.55078125,18087.80078125,17836.099609375,18040.19921875,338900
2021-11-09,18044.25,18112.599609375,17983.05078125,18084.349609375,270200
2021-11-10,18017.19921875,18061.25,17915.0,17973.44921875,261400
2021-11-11,17873.599609375,17971.349609375,17798.19921875,17967.44921875,232100
2021-11-12,18102.75,18123.0,17905.900390625,17977.599609375,249100
2021-11-15,18109.44921875,18210.150390625,18071.30078125,18140.94921875,280400
2021-11-16,17999.19921875,18132.650390625,17958.80078125,18127.05078125,267400
2021-11-17,17898.650390625,18022.650390625,17879.25,17939.349609375,295700
2021-11-18,17764.80078125,17945.599609375,17688.5,17890.55078125,278400
2021-11-22,17416.55078125,17805.25,17280.44921875,17796.25,356400
2021-11-23,17503.349609375,17553.69921875,17216.099609375,17281.75,308800
2021-11-24,17415.05078125,17600.599609375,17354.0,17550.05078125,298100
2021-11-25,17536.25,17564.349609375,17351.69921875,17417.30078125,255900
2021-11-26,17026.44921875,17355.400390625,16985.69921875,17338.75,356300
2021-11-29,17053.94921875,17160.69921875,16782.400390625,17055.80078125,348900
2021-11-30,16983.19921875,17324.650390625,16931.400390625,17051.150390625,498000
2021-12-01,17166.900390625,17213.05078125,17064.25,17104.400390625,295500
2021-12-02,17401.650390625,17420.349609375,17149.30078125,17183.19921875,279900
2021-12-03,17196.69921875,17489.80078125,17180.80078125,17424.900390625,292500
2021-12-06,16912.25,17216.75,16891.69921875,17209.05078125,231700
2021-12-07,17176.69921875,17251.650390625,16987.75,17044.099609375,254100
2021-12-08,17469.75,17484.599609375,17308.94921875,17315.25,257800
2021-12-09,17516.849609375,17543.25,17379.599609375,17524.400390625,237200
2021-12-10,17511.30078125,17534.349609375,17405.25,17476.05078125,204500
2021-12-13,17368.25,17639.5,17355.94921875,17619.099609375,256600
2021-12-14,17324.900390625,17376.19921875,17225.80078125,17283.19921875,271000
2021-12-15,17221.400390625,17351.19921875,17192.19921875,17323.650390625,215000
2021-12-16,17248.400390625,17379.349609375,17184.94921875,17373.0,219500
2021-12-17,16985.19921875,17298.150390625,16966.44921875,17276.0,354600
2021-12-20,16614.19921875,16840.099609375,16410.19921875,16824.25,330600
2021-12-21,16770.849609375,16936.400390625,16688.25,16773.150390625,241000
2021-12-22,16955.44921875,16971.0,16819.5,16865.55078125,207900
2021-12-23,17072.599609375,17118.650390625,17015.55078125,17066.80078125,197000
2021-12-24,17003.75,17155.599609375,16909.599609375,17149.5,182600
2021-12-27,17086.25,17112.05078125,16833.19921875,16937.75,144800
2021-12-28,17233.25,17250.25,17161.150390625,17177.599609375,176000
2021-12-29,17213.599609375,17285.94921875,17176.650390625,17220.099609375,161700
2021-12-30,17203.94921875,17264.05078125,17146.349609375,17201.44921875,320800
2021-12-31,17354.05078125,17400.80078125,17238.5,17244.5,167000
2022-01-03,17625.69921875,17646.650390625,17383.30078125,17387.150390625,200500
2022-01-04,17805.25,17827.599609375,17593.55078125,17681.400390625,247400
2022-01-05,17925.25,17944.69921875,17748.849609375,17820.099609375,251500
2022-01-06,17745.900390625,17797.94921875,17655.55078125,17768.5,236500
2022-01-07,17812.69921875,17905.0,17704.55078125,17797.599609375,239300
2022-01-10,18003.30078125,18017.44921875,17879.150390625,17913.30078125,232400
2022-01-11,18055.75,18081.25,17964.400390625,17997.75,220200
2022-01-12,18212.349609375,18227.94921875,18128.80078125,18170.400390625,245000
2022-01-13,18257.80078125,18272.25,18163.80078125,18257.0,303700
2022-01-14,18255.75,18286.94921875,18119.650390625,18185.0,229500
2022-01-17,18308.099609375,18321.55078125,18228.75,18235.650390625,266700
2022-01-18,18113.05078125,18350.94921875,18085.900390625,18337.19921875,227500
2022-01-19,17938.400390625,18129.19921875,17884.900390625,18129.19921875,276700
2022-01-20,17757.0,17943.69921875,17648.44921875,17921.0,258100
2022-01-21,17617.150390625,17707.599609375,17485.849609375,17613.69921875,277600
2022-01-24,17149.099609375,17599.400390625,16997.849609375,17575.150390625,323800
2022-01-25,17277.94921875,17309.150390625,16836.80078125,17001.55078125,326500
2022-01-27,17110.150390625,17182.5,16866.75,17062.0,395600
2022-01-28,17101.94921875,17373.5,17077.099609375,17208.30078125,355300
2022-01-31,17339.849609375,17410.0,17264.150390625,17301.05078125,321700
2022-02-01,17576.849609375,17622.400390625,17244.55078125,17529.44921875,386400
2022-02-02,17780.0,17794.599609375,17674.80078125,17706.19921875,271200
2022-02-03,17560.19921875,17781.150390625,17511.150390625,17767.75,226600
2022-02-04,17516.30078125,17617.80078125,17462.55078125,17590.19921875,261400
2022-02-07,17213.599609375,17536.75,17119.400390625,17456.30078125,265000
2022-02-08,17266.75,17306.44921875,17043.650390625,17279.849609375,268500
2022-02-09,17463.80078125,17477.150390625,17339.0,17370.099609375,236400
2022-02-10,17605.849609375,17639.44921875,17427.150390625,17554.099609375,273600
2022-02-11,17374.75,17454.75,17303.0,17451.0,253100
2022-02-14,16842.80078125,17099.5,16809.650390625,17076.150390625,305500
2022-02-15,17352.44921875,17375.0,16839.25,16933.25,298700
2022-02-16,17322.19921875,17490.599609375,17257.69921875,17408.44921875,244500
2022-02-17,17304.599609375,17442.900390625,17235.849609375,17396.55078125,232100
2022-02-18,17276.30078125,17380.80078125,17219.19921875,17236.05078125,189600
2022-02-21,17206.650390625,17351.05078125,17070.69921875,17192.25,215200
2022-02-22,17092.19921875,17148.55078125,16843.80078125,16847.94921875,300100
2022-02-23,17063.25,17220.69921875,17027.849609375,17194.5,200200
2022-02-24,16247.9501953125,16705.25,16203.25,16548.900390625,458000
2022-02-25,16658.400390625,16748.80078125,16478.30078125,16515.650390625,329800
2022-02-28,16793.900390625,16815.900390625,16356.2998046875,16481.599609375,404200
2022-03-02,16605.94921875,16678.5,16478.650390625,16593.099609375,517700
2022-03-03,16498.05078125,16768.94921875,16442.94921875,16723.19921875,442100
2022-03-04,16245.349609375,16456.0,16133.7998046875,16339.4501953125,456100
2022-03-07,15863.150390625,15944.599609375,15711.4501953125,15867.9501953125,585400
2022-03-08,16013.4501953125,16028.75,15671.4501953125,15747.75,543600
2022-03-09,16345.349609375,16418.05078125,15990.0,16078.0,462200
2022-03-10,16594.900390625,16757.30078125,16447.900390625,16757.099609375,486400
2022-03-11,16630.44921875,16694.400390625,16470.900390625,16528.80078125,343700
2022-03-14,16871.30078125,16887.94921875,16606.5,16633.69921875,314700
2022-03-15,16663.0,16927.75,16555.0,16900.650390625,381600
2022-03-16,16975.349609375,16987.900390625,16837.849609375,16876.650390625,260000
2022-03-17,17287.05078125,17344.599609375,17175.75,17202.900390625,448300
2022-03-21,17117.599609375,17353.349609375,17096.400390625,17329.5,285500
2022-03-22,17315.5,17334.400390625,17006.30078125,17120.400390625,338300
2022-03-23,17245.650390625,17442.400390625,17199.599609375,17405.05078125,292100
2022-03-24,17222.75,17291.75,17091.150390625,17094.94921875,290300
2022-03-25,17153.0,17294.900390625,17076.55078125,17289.0,237100
2022-03-28,17222.0,17235.099609375,17003.900390625,17181.849609375,253200
2022-03-29,17325.30078125,17343.650390625,17235.69921875,17297.19921875,235100
2022-03-30,17498.25,17522.5,17387.19921875,17468.150390625,505000
2022-03-31,17464.75,17559.80078125,17435.19921875,17519.19921875,281100
2022-04-01,17670.44921875,17703.69921875,17422.69921875,17436.900390625,291800
2022-04-04,18053.400390625,18114.650390625,17791.400390625,17809.099609375,345500
2022-04-05,17957.400390625,18095.44921875,17921.55078125,18080.599609375,283500
2022-04-06,17807.650390625,17901.0,17779.849609375,17842.75,328800
2022-04-07,17639.55078125,17787.5,17623.69921875,17723.30078125,308800
2022-04-08,17784.349609375,17842.75,17600.55078125,17698.150390625,274400
2022-04-11,17674.94921875,17779.05078125,17650.94921875,17740.900390625,251700
2022-04-12,17530.30078125,17595.30078125,17442.349609375,17584.849609375,266000
2022-04-13,17475.650390625,17663.650390625,17457.400390625,17599.900390625,245100
2022-04-18,17173.650390625,17237.75,17067.849609375,17183.44921875,376100
2022-04-19,16958.650390625,17275.650390625,16824.69921875,17258.94921875,401400
2022-04-20,17136.55078125,17186.900390625,16978.94921875,17045.25,286100
2022-04-21,17392.599609375,17414.69921875,17215.5,17234.599609375,285200
2022-04-22,17171.94921875,17315.30078125,17149.19921875,17242.75,262700
2022-04-25,16953.94921875,17054.30078125,16888.69921875,17009.05078125,275700
2022-04-26,17200.80078125,17223.849609375,17064.44921875,17121.30078125,261100
2022-04-27,17038.400390625,17110.69921875,16958.44921875,17073.349609375,265100
2022-04-28,17245.05078125,17322.5,17071.05078125,17189.5,312900
2022-04-29,17102.55078125,17377.650390625,17053.25,17329.25,336200
2022-05-02,17069.099609375,17092.25,16917.25,16924.44921875,278200
2022-05-04,16677.599609375,17132.849609375,16623.94921875,17096.599609375,310600
2022-05-05,16682.650390625,16945.69921875,16651.849609375,16854.75,265800
2022-05-06,16411.25,16484.19921875,16340.900390625,16415.55078125,300500
2022-05-09,16301.849609375,16403.69921875,16142.099609375,16227.7001953125,288400
2022-05-10,16240.0498046875,16404.55078125,16197.2998046875,16248.900390625,283100
2022-05-11,16167.099609375,16318.75,15992.599609375,16270.0498046875,284300
2022-05-12,15808.0,16041.9501953125,15735.75,16021.099609375,314900
2022-05-13,15782.150390625,16083.599609375,15740.849609375,15977.0,369100
2022-05-16,15842.2998046875,15977.9501953125,15739.650390625,15845.099609375,217600
2022-05-17,16259.2998046875,16284.25,15900.7998046875,15912.599609375,295700
2022-05-18,16240.2998046875,16399.80078125,16211.2001953125,16318.150390625,290400
2022-05-19,15809.400390625,15984.75,15775.2001953125,15917.400390625,313900
2022-05-20,16266.150390625,16283.0498046875,16003.849609375,16043.7998046875,252400
2022-05-23,16214.7001953125,16414.69921875,16185.75,16290.9501953125,293800
2022-05-24,16125.150390625,16262.7998046875,16078.599609375,16225.5498046875,249800
2022-05-25,16025.7998046875,16223.349609375,16006.9501953125,16196.349609375,243300
2022-05-26,16170.150390625,16204.4501953125,15903.7001953125,16105.0,314300
2022-05-27,16352.4501953125,16370.599609375,16221.9501953125,16296.599609375,274100
2022-05-30,16661.400390625,16695.5,16506.150390625,16527.900390625,251400
2022-05-31,16584.55078125,16690.75,16521.900390625,16578.44921875,651600
2022-06-01,16522.75,16649.19921875,16438.849609375,16594.400390625,249600
2022-06-02,16628.0,16646.400390625,16443.05078125,16481.650390625,236000
2022-06-03,16584.30078125,16793.849609375,16567.900390625,16761.650390625,245500
2022-06-06,16569.55078125,16610.94921875,16444.55078125,16530.69921875,233600
2022-06-07,16416.349609375,16487.25,16347.099609375,16469.599609375,233800
2022-06-08,16356.25,16514.30078125,16293.349609375,16474.94921875,243500
2022-06-09,16478.099609375,16492.80078125,16243.849609375,16263.849609375,205000
2022-06-10,16201.7998046875,16324.7001953125,16172.599609375,16283.9501953125,189700
2022-06-13,15774.400390625,15886.150390625,15684.0,15877.5498046875,225500
2022-06-14,15732.099609375,15858.0,15659.4501953125,15674.25,225400
2022-06-15,15692.150390625,15783.650390625,15678.900390625,15729.25,183000
2022-06-16,15360.599609375,15863.150390625,15335.099609375,15832.25,264700
2022-06-17,15293.5,15400.400390625,15183.400390625,15272.650390625,342600
2022-06-20,15350.150390625,15382.5,15191.099609375,15334.5,260000
2022-06-21,15638.7998046875,15707.25,15419.849609375,15455.9501953125,262800
2022-06-22,15413.2998046875,15565.400390625,15385.9501953125,15545.650390625,220900
2022-06-23,15556.650390625,15628.4501953125,15367.5,15451.5498046875,259200
2022-06-24,15699.25,15749.25,15619.4501953125,15657.400390625,219600
2022-06-27,15832.0498046875,15927.4501953125,15815.5,15926.2001953125,210900
2022-06-28,15850.2001953125,15892.099609375,15710.150390625,15757.4501953125,251900
2022-06-29,15799.099609375,15861.599609375,15687.7998046875,15701.7001953125,444900
2022-06-30,15780.25,15890.0,15728.849609375,15774.5,306000
2022-07-01,15752.0498046875,15793.9501953125,15511.0498046875,15703.7001953125,364100
2022-07-04,15835.349609375,15852.349609375,15661.7998046875,15710.5,304300
2022-07-05,15810.849609375,16025.75,15785.4501953125,15909.150390625,254200
2022-07-06,15989.7998046875,16011.349609375,15800.900390625,15818.2001953125,288400
2022-07-07,16132.900390625,16150.5,16045.9501953125,16113.75,264600
2022-07-08,16220.599609375,16275.5,16157.900390625,16273.650390625,281100
2022-07-11,16216.0,16248.5498046875,16115.5,16136.150390625,255900
2022-07-12,16058.2998046875,16158.75,16031.150390625,16126.2001953125,208600
2022-07-13,15966.650390625,16140.0,15950.150390625,16128.2001953125,233300
2022-07-14,15938.650390625,16070.849609375,15858.2001953125,16018.849609375,228600
2022-07-15,16049.2001953125,16066.9501953125,15927.2998046875,16010.7998046875,205800
2022-07-18,16278.5,16287.9501953125,16142.2001953125,16151.400390625,227700
2022-07-19,16340.5498046875,16359.5,16187.0498046875,16187.0498046875,222600
2022-07-20,16520.849609375,16588.0,16490.94921875,16562.80078125,284400
2022-07-21,16605.25,16626.94921875,16483.900390625,16523.55078125,243600
2022-07-22,16719.44921875,16752.25,16610.900390625,16661.25,190900
2022-07-25,16631.0,16706.05078125,16564.25,16662.55078125,211400
2022-07-26,16483.849609375,16636.099609375,16463.30078125,16632.900390625,208200
2022-07-27,16641.80078125,16653.44921875,16438.75,16475.349609375,185200
2022-07-28,16929.599609375,16947.650390625,16746.25,16774.849609375,376300
2022-07-29,17158.25,17172.80078125,17018.150390625,17079.5,436100
2022-08-01,17340.05078125,17356.25,17154.80078125,17243.19921875,381500
2022-08-02,17345.44921875,17390.150390625,17215.849609375,17310.150390625,333600
2022-08-03,17388.150390625,17407.5,17225.849609375,17349.25,285400
2022-08-04,17382.0,17490.69921875,17161.25,17463.099609375,325000
2022-08-05,17397.5,17474.400390625,17348.75,17423.650390625,355300
2022-08-08,17525.099609375,17548.80078125,17359.75,17401.5,257000
2022-08-10,17534.75,17566.099609375,17442.80078125,17566.099609375,312700
2022-08-11,17659.0,17719.30078125,17631.94921875,17711.650390625,311200
2022-08-12,17698.150390625,17724.650390625,17597.849609375,17659.650390625,303900
2022-08-16,17825.25,17839.099609375,17764.05078125,17797.19921875,0
2022-08-17,17944.25,17965.94921875,17833.349609375,17868.150390625,262800
2022-08-18,17956.5,17968.44921875,17852.05078125,17898.650390625,263900
2022-08-19,17758.44921875,17992.19921875,17710.75,17966.55078125,295600
2022-08-22,17490.69921875,17690.05078125,17467.349609375,17682.900390625,287600
2022-08-23,17577.5,17625.55078125,17345.19921875,17357.349609375,285600
2022-08-24,17604.94921875,17623.650390625,17499.25,17525.44921875,262000
2022-08-25,17522.44921875,17726.5,17487.44921875,17679.0,230200
2022-08-26,17558.900390625,17685.849609375,17519.349609375,17619.30078125,266600
2022-08-29,17312.900390625,17380.150390625,17166.19921875,17188.650390625,244900
2022-08-30,17759.30078125,17777.650390625,17401.5,17414.94921875,324700
2022-09-01,17542.80078125,17695.599609375,17468.44921875,17485.69921875,308500
2022-09-02,17539.44921875,17643.849609375,17476.44921875,17598.400390625,256300
2022-09-05,17665.80078125,17683.150390625,17540.349609375,17546.44921875,230300
2022-09-06,17655.599609375,17764.650390625,17587.650390625,17695.69921875,251200
2022-09-07,17624.400390625,17650.75,17484.30078125,17519.400390625,354100
2022-09-08,17798.75,17807.650390625,17691.94921875,17748.150390625,279800
2022-09-09,17833.349609375,17925.94921875,17786.0,17923.349609375,270300
2022-09-12,17936.349609375,17980.55078125,17889.150390625,17890.849609375,228200
2022-09-13,18070.05078125,18088.30078125,18015.44921875,18044.44921875,259900
2022-09-14,18003.75,18091.55078125,17771.150390625,17771.150390625,365900
2022-09-15,17877.400390625,18096.150390625,17861.5,18046.349609375,289600
2022-09-16,17530.849609375,17820.05078125,17497.25,17796.80078125,468500
2022-09-19,17622.25,17667.19921875,17429.69921875,17540.650390625,258300
2022-09-20,17816.25,17919.30078125,17744.400390625,17770.400390625,263100
2022-09-21,17718.349609375,17838.69921875,17663.599609375,17766.349609375,245500
2022-09-22,17629.80078125,17722.75,17532.44921875,17609.650390625,284100
2022-09-23,17327.349609375,17642.150390625,17291.650390625,17593.849609375,390800
2022-09-26,17016.30078125,17196.400390625,16978.30078125,17156.30078125,492000
2022-09-27,17007.400390625,17176.44921875,16942.349609375,17110.900390625,359900
2022-09-28,16858.599609375,17037.599609375,16820.400390625,16870.55078125,323900
2022-09-29,16818.099609375,17026.05078125,16788.599609375,16993.599609375,340000
2022-09-30,17094.349609375,17187.099609375,16747.69921875,16798.05078125,376100
2022-10-03,16887.349609375,17114.650390625,16855.55078125,17102.099609375,278400
2022-10-04,17274.30078125,17287.30078125,17117.30078125,17147.44921875,226000
2022-10-06,17331.80078125,17428.80078125,17315.650390625,17379.25,265500
2022-10-07,17314.650390625,17337.349609375,17216.94921875,17287.19921875,216300
2022-10-10,17241.0,17280.150390625,17064.69921875,17094.349609375,234000
2022-10-11,16983.55078125,17261.80078125,16950.30078125,17256.05078125,282600
2022-10-12,17123.599609375,17142.349609375,16960.05078125,17025.55078125,256000
2022-10-13,17014.349609375,17112.349609375,16956.94921875,17087.349609375,266400
2022-10-14,17185.69921875,17348.55078125,17169.75,17322.30078125,227000
2022-10-17,17311.80078125,17328.55078125,17098.55078125,17144.80078125,212200
2022-10-18,17486.94921875,17527.80078125,17434.05078125,17438.75,239500
2022-10-19,17512.25,17607.599609375,17472.849609375,17568.150390625,210500
2022-10-20,17563.94921875,17584.150390625,17421.0,17423.099609375,249600
2022-10-21,17576.30078125,17670.150390625,17520.75,17622.849609375,277700
2022-10-24,17730.75,17777.55078125,17707.400390625,17736.349609375,45000
2022-10-25,17656.349609375,17811.5,17637.0,17808.30078125,251400
2022-10-27,17736.94921875,17783.900390625,17654.5,17771.400390625,324600
2022-10-28,17786.80078125,17838.900390625,17723.69921875,17756.400390625,250000
2022-10-31,18012.19921875,18022.80078125,17899.900390625,17910.19921875,227200
2022-11-01,18145.400390625,18175.80078125,18060.150390625,18130.69921875,349900
2022-11-02,18082.849609375,18178.75,18048.650390625,18177.900390625,270900
2022-11-03,18052.69921875,18106.30078125,17959.19921875,17968.349609375,213000
2022-11-04,18117.150390625,18135.099609375,18017.150390625,18053.400390625,267900
2022-11-07,18202.80078125,18255.5,18064.75,18211.75,314800
2022-11-09,18157.0,18296.400390625,18117.5,18288.25,307200
2022-11-10,18028.19921875,18103.099609375,17969.400390625,18044.349609375,256500
2022-11-11,18349.69921875,18362.30078125,18259.349609375,18272.349609375,378500
2022-11-14,18329.150390625,18399.44921875,18311.400390625,18376.400390625,301400
2022-11-15,18403.400390625,18427.94921875,18282.0,18362.75,250900
2022-11-16,18409.650390625,18442.150390625,18344.150390625,18398.25,219300
2022-11-17,18343.900390625,18417.599609375,18312.94921875,18358.69921875,200500
2022-11-18,18307.650390625,18394.599609375,18209.80078125,18382.94921875,198800
2022-11-21,18159.94921875,18262.30078125,18133.349609375,18246.400390625,213800
2022-11-22,18244.19921875,18261.849609375,18137.69921875,18179.150390625,177700
2022-11-23,18267.25,18325.400390625,18246.0,18325.19921875,178800
2022-11-24,18484.099609375,18529.69921875,18294.25,18326.099609375,204000
2022-11-25,18512.75,18534.900390625,18445.099609375,18528.44921875,205900
2022-11-28,18562.75,18614.25,18365.599609375,18430.55078125,206500
2022-11-29,18618.05078125,18678.099609375,18552.150390625,18552.44921875,195300
2022-11-30,18758.349609375,18816.05078125,18616.55078125,18625.69921875,345600
2022-12-01,18812.5,18887.599609375,18778.19921875,18871.94921875,325000
2022-12-02,18696.099609375,18781.94921875,18639.19921875,18752.400390625,254400
2022-12-05,18701.05078125,18728.599609375,18591.349609375,18719.55078125,288400
2022-12-06,18642.75,18654.900390625,18577.900390625,18600.650390625,217800
2022-12-07,18560.5,18668.30078125,18528.400390625,18638.849609375,200500
2022-12-08,18609.349609375,18625.0,18536.94921875,18570.849609375,202800
2022-12-09,18496.599609375,18664.69921875,18410.099609375,18662.400390625,215800
2022-12-12,18497.150390625,18521.55078125,18345.69921875,18402.150390625,193900
2022-12-13,18608.0,18617.25,18490.19921875,18524.400390625,187600
2022-12-14,18660.30078125,18696.099609375,18632.900390625,18671.25,208000
2022-12-15,18414.900390625,18652.900390625,18387.69921875,18614.400390625,183100
2022-12-16,18269.0,18440.94921875,18255.150390625,18319.099609375,277700
2022-12-19,18420.44921875,18431.650390625,18244.55078125,18288.099609375,154800
2022-12-20,18385.30078125,18404.900390625,18202.650390625,18340.30078125,169000
2022-12-21,18199.099609375,18473.349609375,18162.75,18435.150390625,187600
2022-12-22,18127.349609375,18318.75,18068.599609375,18288.80078125,195700
2022-12-23,17806.80078125,18050.44921875,17779.5,17977.650390625,221500
2022-12-26,18014.599609375,18084.099609375,17774.25,17830.400390625,176700
2022-12-27,18132.30078125,18149.25,17967.44921875,18089.80078125,214300
2022-12-28,18122.5,18173.099609375,18068.349609375,18084.75,193900
2022-12-29,18191.0,18229.69921875,17992.80078125,18045.69921875,281100
2022-12-30,18105.30078125,18265.25,18080.30078125,18259.099609375,192000
2023-01-02,18197.44921875,18215.150390625,18086.5,18131.69921875,256100
2023-01-03,18232.55078125,18251.94921875,18149.80078125,18163.19921875,208700
2023-01-04,18042.94921875,18243.0,18020.599609375,18230.650390625,235200
2023-01-05,17992.150390625,18120.30078125,17892.599609375,18101.94921875,269900
2023-01-06,17859.44921875,18047.400390625,17795.55078125,18008.05078125,238200
2023-01-09,18101.19921875,18141.400390625,17936.150390625,17952.55078125,257200
2023-01-10,17914.150390625,18127.599609375,17856.0,18121.30078125,283300
2023-01-11,17895.69921875,17976.349609375,17824.349609375,17924.25,259900
2023-01-12,17858.19921875,17945.80078125,17761.650390625,17920.849609375,227800
2023-01-13,17956.599609375,17999.349609375,17774.25,17867.5,256700
2023-01-16,17894.849609375,18049.650390625,17853.650390625,18033.150390625,206200
2023-01-17,18053.30078125,18072.05078125,17886.94921875,17922.80078125,219100
2023-01-18,18165.349609375,18183.75,18032.44921875,18074.30078125,255800
2023-01-19,18107.849609375,18155.19921875,18063.75,18119.80078125,237800
2023-01-20,18027.650390625,18145.44921875,18016.19921875,18115.599609375,237200
2023-01-23,18118.55078125,18162.599609375,18063.44921875,18118.44921875,202500
2023-01-24,18118.30078125,18201.25,18078.650390625,18183.94921875,216900
2023-01-25,17891.94921875,18100.599609375,17846.150390625,18093.349609375,257200
2023-01-27,17604.349609375,17884.75,17493.55078125,17877.19921875,476300
2023-01-30,17648.94921875,17709.150390625,17405.55078125,17541.94921875,432400
2023-01-31,17662.150390625,17735.69921875,17537.55078125,17731.44921875,398300
2023-02-01,17616.30078125,17972.19921875,17353.400390625,17811.599609375,512900
2023-02-02,17610.400390625,17653.900390625,17445.94921875,17517.099609375,490100
2023-02-03,17854.05078125,17870.30078125,17584.19921875,17721.75,424100
2023-02-06,17764.599609375,17823.69921875,17698.349609375,17818.55078125,282500
2023-02-07,17721.5,17811.150390625,17652.55078125,17790.099609375,354400
2023-02-08,17871.69921875,17898.69921875,17744.150390625,17750.30078125,291000
2023-02-09,17893.44921875,17916.900390625,17779.80078125,17885.5,260900
2023-02-10,17856.5,17876.94921875,17801.0,17847.55078125,232000
2023-02-13,17770.900390625,17880.69921875,17719.75,17859.099609375,231300
2023-02-14,17929.849609375,17954.55078125,17800.05078125,17840.349609375,244500
2023-02-15,18015.849609375,18034.099609375,17853.80078125,17896.599609375,229300
2023-02-16,18035.849609375,18134.75,18000.650390625,18094.75,230200
2023-02-17,17944.19921875,18034.25,17884.599609375,17974.849609375,208100
2023-02-20,17844.599609375,18004.349609375,17818.400390625,17965.55078125,174600
2023-02-21,17826.69921875,17924.900390625,17800.30078125,17905.80078125,198200
2023-02-22,17554.30078125,17772.5,17529.44921875,17755.349609375,204000
2023-02-23,17511.25,17620.05078125,17455.400390625,17574.650390625,240800
2023-02-24,17465.80078125,17599.75,17421.80078125,17591.349609375,209400
2023-02-27,17392.69921875,17451.599609375,17299.0,17428.599609375,246400
2023-02-28,17303.94921875,17440.44921875,17255.19921875,17383.25,420900
2023-03-01,17450.900390625,17467.75,17345.25,17360.099609375,272900
2023-03-02,17321.900390625,17445.80078125,17306.0,17421.5,310700
2023-03-03,17594.349609375,17644.75,17427.69921875,17451.25,356200
2023-03-06,17711.44921875,17799.94921875,17671.94921875,17680.349609375,362800
2023-03-08,17754.400390625,17766.5,17602.25,17665.75,267000
2023-03-09,17589.599609375,17772.349609375,17573.599609375,17772.05078125,262400
2023-03-10,17412.900390625,17451.5,17324.349609375,17443.80078125,235900
2023-03-13,17154.30078125,17529.900390625,17113.44921875,17421.900390625,254900
2023-03-14,17043.30078125,17224.650390625,16987.099609375,17160.55078125,290600
2023-03-15,16972.150390625,17211.349609375,16938.900390625,17166.44921875,248200
2023-03-16,16985.599609375,17062.44921875,16850.150390625,16994.650390625,349800
2023-03-17,17100.05078125,17145.80078125,16958.150390625,17111.80078125,408100
2023-03-20,16988.400390625,17066.599609375,16828.349609375,17066.599609375,241800
2023-03-21,17107.5,17127.69921875,17016.0,17060.400390625,246700
2023-03-22,17151.900390625,17207.25,17107.849609375,17177.44921875,0
2023-03-23,17076.900390625,17205.400390625,17045.30078125,17097.400390625,219200
2023-03-24,16945.05078125,17109.44921875,16917.349609375,17076.19921875,228000
2023-03-27,16985.69921875,17091.0,16918.55078125,16984.30078125,218400
2023-03-28,16951.69921875,17061.75,16913.75,17031.75,238800
2023-03-29,17080.69921875,17126.150390625,16940.599609375,16977.30078125,345900
2023-03-31,17359.75,17381.599609375,17204.650390625,17210.349609375,263900
2023-04-03,17398.05078125,17428.05078125,17312.75,17427.94921875,230200
2023-04-05,17557.05078125,17570.55078125,17402.69921875,17422.30078125,248300
2023-04-06,17599.150390625,17638.69921875,17502.849609375,17533.849609375,242700
2023-04-10,17624.05078125,17694.099609375,17597.94921875,17634.900390625,254800
2023-04-11,17722.30078125,17748.75,17655.150390625,17704.80078125,304300
2023-04-12,17812.400390625,17825.75,17717.25,17759.55078125,232800
2023-04-13,17828.0,17842.150390625,17729.650390625,17807.30078125,285800
2023-04-17,17706.849609375,17863.0,17574.05078125,17863.0,357400
2023-04-18,17660.150390625,17766.599609375,17610.19921875,17766.599609375,258900
2023-04-19,17618.75,17666.150390625,17579.849609375,17653.349609375,281500
2023-04-20,17624.44921875,17684.44921875,17584.349609375,17638.599609375,215100
2023-04-21,17624.05078125,17663.19921875,17553.94921875,17639.75,230200
2023-04-24,17743.400390625,17754.5,17612.5,17707.55078125,255700
2023-04-25,17769.25,17807.44921875,17716.849609375,17761.55078125,297400
2023-04-26,17813.599609375,17827.75,17711.19921875,17767.30078125,233000
2023-04-27,17915.05078125,17931.599609375,17797.900390625,17813.099609375,241400
2023-04-28,18065.0,18089.150390625,17885.30078125,17950.400390625,290300
2023-05-02,18147.650390625,18180.25,18101.75,18124.80078125,265200
2023-05-03,18089.849609375,18116.349609375,18042.400390625,18113.80078125,226200
2023-05-04,18255.80078125,18267.44921875,18066.69921875,18081.0,226600
2023-05-05,18069.0,18216.94921875,18055.44921875,18117.30078125,239700
2023-05-08,18264.400390625,18286.94921875,18100.30078125,18120.599609375,228400
2023-05-09,18265.94921875,18344.19921875,18229.650390625,18303.400390625,245400
2023-05-10,18315.099609375,18326.75,18211.94921875,18313.599609375,220500
2023-05-11,18297.0,18389.69921875,18270.400390625,18357.80078125,248900
2023-05-12,18314.80078125,18342.75,18194.55078125,18273.75,241700
2023-05-15,18398.849609375,18458.900390625,18287.900390625,18339.30078125,216100
2023-05-16,18286.5,18432.349609375,18264.349609375,18432.349609375,219500
2023-05-17,18181.75,18309.0,18115.349609375,18300.44921875,229900
2023-05-18,18129.94921875,18297.19921875,18104.849609375,18287.5,272100
2023-05-19,18203.400390625,18218.099609375,18060.400390625,18186.150390625,260900
2023-05-22,18314.400390625,18335.25,18178.849609375,18201.099609375,262600
2023-05-23,18348.0,18419.75,18324.19921875,18362.900390625,270400
2023-05-24,18285.400390625,18392.599609375,18262.94921875,18294.80078125,232600
2023-05-25,18321.150390625,18338.099609375,18202.400390625,18268.900390625,235900
2023-05-26,18499.349609375,18508.55078125,18333.150390625,18368.349609375,198700
2023-05-29,18598.650390625,18641.19921875,18581.25,18619.150390625,265300
2023-05-30,18633.849609375,18662.44921875,18575.5,18606.650390625,234400
2023-05-31,18534.400390625,18603.900390625,18483.849609375,18594.19921875,696500
2023-06-01,18487.75,18580.30078125,18464.55078125,18579.400390625,265600
2023-06-02,18534.099609375,18573.69921875,18478.400390625,18550.849609375,270900
2023-06-05,18593.849609375,18640.150390625,18582.80078125,18612.0,256100
2023-06-06,18599.0,18622.75,18531.599609375,18600.80078125,220800
2023-06-07,18726.400390625,18738.94921875,18636.0,18665.599609375,260100
2023-06-08,18634.55078125,18777.900390625,18615.599609375,18725.349609375,286500
2023-06-09,18563.400390625,18676.650390625,18555.400390625,18655.900390625,221800
2023-06-12,18601.5,18633.599609375,18559.75,18595.05078125,179500
2023-06-13,18716.150390625,18728.900390625,18631.80078125,18631.80078125,233200
2023-06-14,18755.900390625,18769.69921875,18690.0,18744.599609375,261400
2023-06-15,18688.099609375,18794.099609375,18669.05078125,18774.44921875,263000
2023-06-16,18826.0,18864.69921875,18710.5,18723.30078125,272800
2023-06-19,18755.44921875,18881.44921875,18719.150390625,18873.30078125,219800
2023-06-20,18816.69921875,18839.69921875,18660.650390625,18752.349609375,211600
2023-06-21,18856.849609375,18875.900390625,18794.849609375,18849.400390625,217500
2023-06-22,18771.25,18886.599609375,18759.5,18853.599609375,252700
2023-06-23,18665.5,18756.400390625,18647.099609375,18741.849609375,210600
2023-06-26,18691.19921875,18722.05078125,18646.69921875,18682.349609375,171300
2023-06-27,18817.400390625,18829.25,18714.25,18748.55078125,222500
2023-06-28,18972.099609375,19011.25,18861.349609375,18908.150390625,398800
2023-06-30,19189.05078125,19201.69921875,19024.599609375,19076.849609375,247900
2023-07-03,19322.55078125,19345.099609375,19234.400390625,19246.5,226100
2023-07-04,19389.0,19434.150390625,19300.0,19406.599609375,226900
2023-07-05,19398.5,19421.599609375,19339.599609375,19405.94921875,224400
2023-07-06,19497.30078125,19512.19921875,19373.0,19385.69921875,268300
2023-07-07,19331.80078125,19523.599609375,19303.599609375,19422.80078125,237100
2023-07-10,19355.900390625,19435.849609375,19327.099609375,19400.349609375,268200
2023-07-11,19439.400390625,19515.099609375,19406.44921875,19427.099609375,251300
2023-07-12,19384.30078125,19507.69921875,19361.75,19497.44921875,327900
2023-07-13,19413.75,19567.0,19385.80078125,19495.19921875,310400
2023-07-14,19564.5,19595.349609375,19433.5,19493.44921875,291200
2023-07-17,19711.44921875,19731.849609375,19562.94921875,19612.150390625,268700
2023-07-18,19749.25,19819.44921875,19690.19921875,19787.5,286400
2023-07-19,19833.150390625,19851.69921875,19727.44921875,19802.94921875,259700
2023-07-20,19979.150390625,19991.849609375,19758.400390625,19831.69921875,274700
2023-07-21,19745.0,19887.400390625,19700.0,19800.44921875,312500
2023-07-24,19672.349609375,19782.75,19658.30078125,19748.44921875,265600
2023-07-25,19680.599609375,19729.349609375,19615.94921875,19729.349609375,369700
2023-07-26,19778.30078125,19825.599609375,19716.69921875,19733.349609375,244700
2023-07-27,19659.900390625,19867.55078125,19603.55078125,19850.900390625,334900
2023-07-28,19646.05078125,19695.900390625,19563.099609375,19659.75,258700
2023-07-31,19753.80078125,19772.75,19597.599609375,19666.349609375,295100
2023-08-01,19733.55078125,19795.599609375,19704.599609375,19784.0,298000
2023-08-02,19526.55078125,19678.25,19423.55078125,19655.400390625,290700
2023-08-03,19381.650390625,19537.650390625,19296.44921875,19463.75,315700
2023-08-04,19517.0,19538.849609375,19436.44921875,19462.80078125,280800
2023-08-07,19597.30078125,19620.44921875,19524.80078125,19576.849609375,216600
2023-08-08,19570.849609375,19634.400390625,19533.099609375,19627.19921875,260300
2023-08-09,19632.55078125,19645.5,19467.5,19578.80078125,266500
2023-08-10,19543.099609375,19623.599609375,19495.400390625,19605.55078125,312200
2023-08-11,19428.30078125,19557.75,19412.75,19554.25,235500
2023-08-14,19434.55078125,19465.849609375,19257.900390625,19383.94921875,243900
2023-08-16,19465.0,19482.75,19317.19921875,19369.0,0
2023-08-17,19365.25,19461.55078125,19326.25,19450.55078125,268700
2023-08-18,19310.150390625,19373.80078125,19253.599609375,19301.75,256100
2023-08-21,19393.599609375,19425.94921875,19296.30078125,19320.650390625,262600
2023-08-22,19396.44921875,19443.5,19381.30078125,19417.099609375,208700
2023-08-23,19444.0,19472.05078125,19366.599609375,19439.19921875,225200
2023-08-24,19386.69921875,19584.44921875,19369.0,19535.150390625,268300
2023-08-25,19265.80078125,19339.55078125,19229.69921875,19297.400390625,466500
2023-08-28,19306.05078125,19366.849609375,19249.69921875,19298.349609375,248200
2023-08-29,19342.650390625,19377.900390625,19309.099609375,19374.849609375,307400
2023-08-30,19347.44921875,19452.80078125,19334.75,19433.44921875,233000
2023-08-31,19253.80078125,19388.19921875,19223.650390625,19375.55078125,562600
2023-09-01,19435.30078125,19458.55078125,19255.69921875,19258.150390625,333000
2023-09-04,19528.80078125,19545.150390625,19432.849609375,19525.05078125,296800
2023-09-05,19574.900390625,19587.05078125,19525.75,19564.650390625,256800
2023-09-06,19611.05078125,19636.44921875,19491.5,19581.19921875,287600
2023-09-07,19727.05078125,19737.0,19550.05078125,19598.650390625,304900
2023-09-08,19819.94921875,19867.150390625,19727.05078125,19774.80078125,288100
2023-09-11,19996.349609375,20008.150390625,19865.349609375,19890.0,248800
2023-09-12,19993.19921875,20110.349609375,19914.650390625,20110.150390625,328100
2023-09-13,20070.0,20096.900390625,19944.099609375,19989.5,251400
2023-09-14,20103.099609375,20167.650390625,20043.44921875,20127.94921875,275100
2023-09-15,20192.349609375,20222.44921875,20129.69921875,20156.44921875,438200
2023-09-18,20133.30078125,20195.349609375,20115.69921875,20155.94921875,264900
2023-09-20,19901.400390625,20050.650390625,19878.849609375,19980.75,378100
2023-09-21,19742.349609375,19848.75,19709.94921875,19840.55078125,275100
2023-09-22,19674.25,19798.650390625,19657.5,19744.849609375,246400
2023-09-25,19674.55078125,19734.150390625,19601.55078125,19678.19921875,188400
2023-09-26,19664.69921875,19699.349609375,19637.44921875,19682.80078125,204900
2023-09-27,19716.44921875,19730.69921875,19554.0,19637.05078125,203600
2023-09-28,19523.55078125,19766.650390625,19492.099609375,19761.80078125,352800
2023-09-29,19638.30078125,19726.25,19551.05078125,19581.19921875,243500
2023-10-03,19528.75,19623.19921875,19479.650390625,19622.400390625,221700
2023-10-04,19436.099609375,19457.80078125,19333.599609375,19446.30078125,277100
2023-10-05,19545.75,19576.94921875,19487.30078125,19521.849609375,234900
2023-10-06,19653.5,19675.75,19589.400390625,19621.19921875,159100
2023-10-09,19512.349609375,19588.94921875,19480.5,19539.44921875,165100
2023-10-10,19689.849609375,19717.80078125,19565.44921875,19565.599609375,216600
2023-10-11,19811.349609375,19839.19921875,19756.94921875,19767.0,213700
2023-10-12,19794.0,19843.30078125,19772.650390625,19822.69921875,217900
2023-10-13,19751.05078125,19805.400390625,19635.30078125,19654.55078125,255000
2023-10-16,19731.75,19781.30078125,19691.849609375,19737.25,181000
2023-10-17,19811.5,19849.75,19775.650390625,19843.19921875,185800
2023-10-18,19671.099609375,19840.94921875,19659.94921875,19820.44921875,198900
2023-10-19,19624.69921875,19681.80078125,19512.349609375,19545.19921875,230300
2023-10-20,19542.650390625,19593.80078125,19518.69921875,19542.150390625,198300
2023-10-23,19281.75,19556.849609375,19257.849609375,19521.599609375,176000
2023-10-25,19122.150390625,19347.30078125,19074.150390625,19286.44921875,225300
2023-10-26,18857.25,19041.69921875,18837.849609375,19027.25,300400
2023-10-27,19047.25,19076.150390625,18926.650390625,18928.75,205200
2023-10-30,19140.900390625,19158.5,18940.0,19053.400390625,180100
2023-10-31,19079.599609375,19233.69921875,19056.44921875,19232.94921875,206000
2023-11-01,18989.150390625,19096.05078125,18973.69921875,19064.05078125,194100
2023-11-02,19133.25,19175.25,19064.150390625,19120.0,245600
2023-11-03,19230.599609375,19276.25,19210.900390625,19241.0,189500
2023-11-06,19411.75,19423.0,19309.69921875,19345.849609375,180700
2023-11-07,19406.69921875,19423.5,19329.099609375,19404.05078125,198700
2023-11-08,19443.5,19464.400390625,19401.5,19449.599609375,195000
2023-11-09,19395.30078125,19463.900390625,19378.349609375,19457.400390625,208400
2023-11-10,19425.349609375,19451.30078125,19329.44921875,19351.849609375,152200
2023-11-13,19443.55078125,19494.400390625,19414.75,19486.75,189300
2023-11-15,19675.44921875,19693.19921875,19579.650390625,19651.400390625,291500
2023-11-16,19765.19921875,19875.25,19627.0,19674.69921875,282700
2023-11-17,19731.80078125,19806.0,19667.44921875,19674.75,236800
2023-11-20,19694.0,19756.44921875,19670.5,19731.150390625,173800
2023-11-21,19783.400390625,19829.099609375,19754.05078125,19770.900390625,195000
2023-11-22,19811.849609375,19825.55078125,19703.849609375,19784.0,184500
2023-11-23,19802.0,19875.150390625,19786.75,19828.44921875,170000
2023-11-24,19794.69921875,19832.849609375,19768.849609375,19809.599609375,145900
2023-11-28,19889.69921875,19916.849609375,19800.0,19844.650390625,229600
2023-11-29,20096.599609375,20104.650390625,19956.30078125,19976.55078125,236200
2023-11-30,20133.150390625,20158.69921875,20015.849609375,20108.5,486600
2023-12-01,20267.900390625,20291.55078125,20183.69921875,20194.099609375,265800
2023-12-04,20686.80078125,20702.650390625,20507.75,20601.94921875,381100
2023-12-05,20855.099609375,20864.05078125,20711.150390625,20808.900390625,421000
2023-12-06,20937.69921875,20961.94921875,20852.150390625,20950.75,359200
2023-12-07,20901.150390625,20941.25,20850.80078125,20932.400390625,275000
2023-12-08,20969.400390625,21006.099609375,20862.69921875,20934.099609375,292400
2023-12-11,20997.099609375,21026.099609375,20923.69921875,20965.30078125,212900
2023-12-12,20906.400390625,21037.900390625,20867.150390625,21018.55078125,244900
2023-12-13,20926.349609375,20950.0,20769.5,20929.75,260300
2023-12-14,21182.69921875,21210.900390625,21074.44921875,21110.400390625,334400
2023-12-15,21456.650390625,21492.30078125,21235.30078125,21287.44921875,508800
2023-12-18,21418.650390625,21482.80078125,21365.349609375,21434.80078125,249700
2023-12-19,21453.099609375,21505.05078125,21337.75,21477.650390625,249800
2023-12-20,21150.150390625,21593.0,21087.349609375,21543.5,363900
2023-12-21,21255.05078125,21288.349609375,20976.80078125,21033.94921875,277500
2023-12-22,21349.400390625,21390.5,21232.44921875,21295.849609375,284700
2023-12-26,21441.349609375,21477.150390625,21329.44921875,21365.19921875,219500
2023-12-27,21654.75,21675.75,21495.80078125,21497.650390625,256500
2023-12-28,21778.69921875,21801.44921875,21678.0,21715.0,393100
2023-12-29,21731.400390625,21770.30078125,21676.900390625,21737.650390625,270900
2024-01-01,21741.900390625,21834.349609375,21680.849609375,21727.75,154000
2024-01-02,21665.80078125,21755.599609375,21555.650390625,21751.349609375,263700
2024-01-03,21517.349609375,21677.0,21500.349609375,21661.099609375,311900
2024-01-04,21658.599609375,21685.650390625,21564.55078125,21605.80078125,339200
2024-01-05,21710.80078125,21749.599609375,21629.19921875,21705.75,309300
2024-01-08,21513.0,21763.94921875,21492.900390625,21747.599609375,231500
2024-01-09,21544.849609375,21724.44921875,21517.849609375,21653.599609375,228600
2024-01-10,21618.69921875,21641.849609375,21448.650390625,21529.30078125,217000
2024-01-11,21647.19921875,21726.5,21593.75,21688.0,212500
2024-01-12,21894.55078125,21928.25,21715.150390625,21773.55078125,294700
2024-01-15,22097.44921875,22115.55078125,21963.55078125,22053.150390625,345500
2024-01-16,22032.30078125,22124.150390625,21969.80078125,22080.5,292400
2024-01-17,21571.94921875,21851.5,21550.44921875,21647.25,456000
2024-01-18,21462.25,21539.400390625,21285.55078125,21414.19921875,387300
2024-01-19,21622.400390625,21670.599609375,21575.0,21615.19921875,343100
2024-01-23,21238.80078125,21750.25,21192.599609375,21716.69921875,449700
2024-01-24,21453.94921875,21482.349609375,21137.19921875,21185.25,407500
2024-01-25,21352.599609375,21459.0,21247.05078125,21454.599609375,418100
2024-01-29,21737.599609375,21763.25,21429.599609375,21433.099609375,376700
2024-01-30,21522.099609375,21813.05078125,21501.80078125,21775.75,375100
2024-01-31,21725.69921875,21741.349609375,21448.849609375,21487.25,410600
2024-02-01,21697.44921875,21832.94921875,21658.75,21780.650390625,332500
2024-02-02,21853.80078125,22126.80078125,21805.55078125,21812.75,442800
2024-02-05,21771.69921875,21964.30078125,21726.94921875,21921.05078125,440800
2024-02-06,21929.400390625,21951.400390625,21737.55078125,21825.19921875,371000
2024-02-07,21930.5,22053.30078125,21860.150390625,22045.05078125,346300
2024-02-08,21717.94921875,22011.05078125,21665.30078125,22009.650390625,491100
2024-02-09,21782.5,21804.44921875,21629.900390625,21727.0,349200
2024-02-12,21616.05078125,21831.69921875,21574.75,21800.80078125,287400
2024-02-13,21743.25,21766.80078125,21543.349609375,21664.30078125,365800
2024-02-14,21840.05078125,21870.849609375,21530.19921875,21578.150390625,359100
2024-02-15,21910.75,21953.849609375,21794.80078125,21906.55078125,345400
2024-02-16,22040.69921875,22068.650390625,21968.94921875,22020.30078125,343900
2024-02-19,22122.25,22186.650390625,22021.05078125,22103.44921875,0
2024-02-20,22196.94921875,22215.599609375,22045.849609375,22099.19921875,295700
2024-02-21,22055.05078125,22249.400390625,21997.94921875,22248.849609375,364500
2024-02-22,22217.44921875,22252.5,21875.25,22081.55078125,343500
2024-02-23,22212.69921875,22297.5,22186.099609375,22290.0,226000
2024-02-26,22122.05078125,22202.150390625,22075.150390625,22169.19921875,207800
2024-02-27,22198.349609375,22218.25,22085.650390625,22090.19921875,252200
2024-02-28,21951.150390625,22229.150390625,21915.849609375,22214.099609375,203000
2024-02-29,21982.80078125,22060.55078125,21860.650390625,21935.19921875,360200
2024-03-01,22338.75,22353.30078125,22047.75,22048.30078125,351500
2024-03-04,22405.599609375,22440.900390625,22358.30078125,22403.5,298800
2024-03-05,22356.30078125,22416.900390625,22269.150390625,22371.25,296200
2024-03-06,22474.05078125,22497.19921875,22224.349609375,22327.5,312300
2024-03-07,22493.55078125,22525.650390625,22430.0,22505.30078125,379900
2024-03-11,22332.650390625,22526.599609375,22307.25,22517.5,277900
2024-03-12,22335.69921875,22452.55078125,22256.0,22334.44921875,299200
2024-03-13,21997.69921875,22446.75,21905.650390625,22432.19921875,493300
2024-03-14,22146.650390625,22204.599609375,21917.5,21982.55078125,426700
2024-03-15,22023.349609375,22120.900390625,21931.69921875,22064.849609375,661500
2024-03-18,22055.69921875,22123.69921875,21916.55078125,21990.099609375,356300
2024-03-19,21817.44921875,21978.30078125,21793.099609375,21946.44921875,344200
2024-03-20,21839.099609375,21930.900390625,21710.19921875,21843.900390625,312400
2024-03-21,22011.94921875,22080.94921875,21941.30078125,21989.900390625,353200
2024-03-22,22096.75,22180.69921875,21883.30078125,21932.19921875,388700
2024-03-26,22004.69921875,22073.19921875,21947.55078125,21947.900390625,328400
2024-03-27,22123.650390625,22193.599609375,22052.849609375,22053.94921875,409100
2024-03-28,22326.900390625,22516.0,22163.599609375,22163.599609375,410500
2024-04-01,22462.0,22529.94921875,22427.75,22455.0,0
2024-04-02,22453.30078125,22497.599609375,22388.150390625,22458.80078125,289500
2024-04-03,22434.650390625,22521.099609375,22346.5,22385.69921875,309600
2024-04-04,22514.650390625,22619.0,22303.80078125,22592.099609375,401000
2024-04-05,22513.69921875,22537.599609375,22427.599609375,22486.400390625,242200
2024-04-08,22666.30078125,22697.30078125,22550.349609375,22578.349609375,227600
2024-04-09,22642.75,22768.400390625,22612.25,22765.099609375,232400
2024-04-10,22753.80078125,22775.69921875,22673.69921875,22720.25,276800
2024-04-12,22519.400390625,22726.44921875,22503.75,22677.400390625,357200
2024-04-15,22272.5,22427.44921875,22259.55078125,22339.05078125,355500
2024-04-16,22147.900390625,22213.75,22079.44921875,22125.30078125,317300
2024-04-18,21995.849609375,22326.5,21961.69921875,22212.349609375,456900
2024-04-19,22147.0,22179.55078125,21777.650390625,21861.5,362500
2024-04-22,22336.400390625,22375.650390625,22198.150390625,22336.900390625,279300
2024-04-23,22368.0,22447.55078125,22349.44921875,22447.05078125,231500
2024-04-24,22402.400390625,22476.44921875,22384.0,22421.55078125,235900
2024-04-25,22570.349609375,22625.94921875,22305.25,22316.900390625,475000
2024-04-26,22419.94921875,22620.400390625,22385.55078125,22620.400390625,329900
2024-04-29,22643.400390625,22655.80078125,22441.900390625,22475.55078125,292000
2024-04-30,22604.849609375,22783.349609375,22568.400390625,22679.650390625,361900
2024-05-02,22648.19921875,22710.5,22567.849609375,22567.849609375,445900
2024-05-03,22475.849609375,22794.69921875,22348.05078125,22766.349609375,438100
2024-05-06,22442.69921875,22588.80078125,22409.44921875,22561.599609375,320300
2024-05-07,22302.5,22499.05078125,22232.05078125,22489.75,297800
2024-05-08,22302.5,22368.650390625,22185.19921875,22231.19921875,277400
2024-05-09,21957.5,22307.75,21932.400390625,22224.80078125,331300
2024-05-10,22055.19921875,22131.30078125,21950.30078125,21990.94921875,265800
2024-05-13,22104.05078125,22131.650390625,21821.05078125,22027.94921875,278200
2024-05-14,22217.849609375,22270.05078125,22081.25,22112.900390625,230200
2024-05-15,22200.55078125,22297.55078125,22151.75,22255.599609375,231900
2024-05-16,22403.849609375,22432.25,22054.55078125,22319.19921875,368900
2024-05-17,22466.099609375,22502.150390625,22345.650390625,22415.25,242700
2024-05-21,22529.05078125,22591.099609375,22404.55078125,22404.55078125,347600
2024-05-22,22597.80078125,22629.5,22483.150390625,22576.599609375,290300
2024-05-23,22967.650390625,22993.599609375,22577.44921875,22614.099609375,369800
2024-05-24,22957.099609375,23026.400390625,22908.0,22930.75,261900
2024-05-27,22932.44921875,23110.80078125,22871.19921875,23038.94921875,260000
2024-05-28,22888.150390625,22998.55078125,22858.5,22977.150390625,217900
2024-05-29,22704.69921875,22825.5,22685.44921875,22762.75,269900
2024-05-30,22488.650390625,22705.75,22417.0,22617.44921875,373400
2024-05-31,22530.69921875,22653.75,22465.099609375,22568.099609375,572100
2024-06-03,23263.900390625,23338.69921875,23062.30078125,23337.900390625,569400
2024-06-04,21884.5,23179.5,21281.44921875,23179.5,1006100
2024-06-05,22620.349609375,22670.400390625,21791.94921875,22128.349609375,638500
2024-06-06,22821.400390625,22910.150390625,22642.599609375,22798.599609375,480400
2024-06-07,23290.150390625,23320.19921875,22789.05078125,22821.849609375,473600
2024-06-10,23259.19921875,23411.900390625,23227.150390625,23319.150390625,304400
2024-06-11,23264.849609375,23389.44921875,23206.650390625,23283.75,305200
2024-06-12,23322.94921875,23441.94921875,23295.94921875,23344.44921875,295600
2024-06-13,23398.900390625,23481.05078125,23353.900390625,23480.94921875,268300
2024-06-14,23465.599609375,23490.400390625,23334.25,23464.94921875,223100
2024-06-18,23557.900390625,23579.05078125,23499.69921875,23570.80078125,272200
2024-06-19,23516.0,23664.0,23412.900390625,23629.849609375,328800
2024-06-20,23567.0,23624.0,23442.599609375,23586.150390625,280300
2024-06-21,23501.099609375,23667.099609375,23398.19921875,23661.150390625,609900
2024-06-24,23537.849609375,23558.099609375,23350.0,23382.30078125,239400
2024-06-25,23721.30078125,23754.150390625,23562.05078125,23577.099609375,298100
2024-06-26,23868.80078125,23889.900390625,23670.44921875,23723.099609375,287800
2024-06-27,24044.5,24087.44921875,23805.400390625,23881.55078125,515200
2024-06-28,24010.599609375,24174.0,23985.80078125,24085.900390625,354800
2024-07-01,24141.94921875,24164.0,23992.69921875,23992.94921875,0
2024-07-02,24123.849609375,24236.349609375,24056.400390625,24228.75,0
2024-07-03,24286.5,24309.150390625,24207.099609375,24291.75,0
2024-07-04,24302.150390625,24401.0,24281.0,24369.94921875,251200
2024-07-05,24323.849609375,24363.0,24168.849609375,24213.349609375,298400
2024-07-08,24320.55078125,24344.599609375,24240.55078125,24329.44921875,266300
2024-07-09,24433.19921875,24443.599609375,24331.900390625,24351.0,250500
2024-07-10,24324.44921875,24461.05078125,24141.80078125,24459.849609375,292300
2024-07-11,24315.94921875,24402.650390625,24193.75,24396.55078125,306400
2024-07-12,24502.150390625,24592.19921875,24331.150390625,24387.94921875,325800
2024-07-15,24586.69921875,24635.05078125,24522.75,24587.599609375,305400
2024-07-16,24613.0,24661.25,24587.650390625,24615.900390625,283200
2024-07-18,24800.849609375,24837.75,24504.44921875,24543.80078125,350900
2024-07-19,24530.900390625,24854.80078125,24508.150390625,24853.80078125,343800
2024-07-22,24509.25,24595.19921875,24362.30078125,24445.75,324200
2024-07-23,24479.05078125,24582.55078125,24074.19921875,24568.900390625,436400
2024-07-24,24413.5,24504.25,24307.25,24444.94921875,366600
2024-07-25,24406.099609375,24426.150390625,24210.80078125,24230.94921875,391800
2024-07-26,24834.849609375,24861.150390625,24410.900390625,24423.349609375,383800
2024-07-29,24836.099609375,24999.75,24774.599609375,24943.30078125,355000
2024-07-30,24857.30078125,24971.75,24798.650390625,24839.400390625,385000
2024-07-31,24951.150390625,24984.599609375,24856.5,24886.69921875,333600
2024-08-01,25010.900390625,25078.30078125,24956.400390625,25030.94921875,431300
2024-08-02,24717.69921875,24851.900390625,24686.849609375,24789.0,345000
2024-08-05,24055.599609375,24350.05078125,23893.69921875,24302.849609375,487000
2024-08-06,23992.55078125,24382.599609375,23960.400390625,24189.849609375,312300
2024-08-07,24297.5,24337.69921875,24184.900390625,24289.400390625,317600
2024-08-08,24117.0,24340.5,24079.69921875,24248.55078125,311900
2024-08-09,24367.5,24419.75,24311.19921875,24386.849609375,215100
2024-08-12,24347.0,24472.80078125,24212.099609375,24320.05078125,279900
2024-08-13,24139.0,24359.94921875,24116.5,24342.349609375,239700
2024-08-14,24143.75,24196.5,24099.69921875,24184.400390625,303300
2024-08-16,24541.150390625,24563.900390625,24204.5,24334.849609375,271600
2024-08-19,24572.650390625,24638.80078125,24522.94921875,24636.349609375,243600
2024-08-20,24698.849609375,24734.30078125,24607.19921875,24648.900390625,238300
2024-08-21,24770.19921875,24787.94921875,24654.5,24680.55078125,257100
2024-08-22,24811.5,24867.349609375,24784.44921875,24863.400390625,220300
2024-08-23,24823.150390625,24858.400390625,24771.650390625,24845.400390625,206800
2024-08-26,25010.599609375,25043.80078125,24874.69921875,24906.099609375,210300
2024-08-27,25017.75,25073.099609375,24973.650390625,25024.80078125,223300
2024-08-28,25052.349609375,25129.599609375,24964.650390625,25030.80078125,220400
2024-08-29,25151.94921875,25192.900390625,24998.5,25035.30078125,354000
2024-08-30,25235.900390625,25268.349609375,25199.400390625,25249.69921875,638200
2024-09-02,25278.69921875,25333.650390625,25235.5,25333.599609375,222800
2024-09-03,25279.849609375,25321.69921875,25235.80078125,25313.400390625,212100
2024-09-04,25198.69921875,25216.0,25083.80078125,25089.94921875,253800
2024-09-05,25145.099609375,25275.44921875,25127.75,25250.5,222200
2024-09-06,24852.150390625,25168.75,24801.30078125,25093.69921875,311700
2024-09-09,24936.400390625,24957.5,24753.150390625,24823.400390625,254400
2024-09-10,25041.099609375,25130.5,24896.80078125,24999.400390625,251300
2024-09-11,24918.44921875,25113.69921875,24885.150390625,25034.0,279200
2024-09-12,25388.900390625,25433.349609375,24941.44921875,25059.650390625,380100
2024-09-13,25356.5,25430.5,25292.44921875,25430.44921875,250800
2024-09-16,25383.75,25445.69921875,25336.19921875,25406.650390625,168700
2024-09-17,25418.55078125,25441.650390625,25352.25,25416.900390625,216000
2024-09-18,25377.55078125,25482.19921875,25285.55078125,25402.400390625,215700
2024-09-19,25415.80078125,25611.94921875,25376.05078125,25487.05078125,314500
2024-09-20,25790.94921875,25849.25,25426.599609375,25525.94921875,533100
2024-09-23,25939.05078125,25956.0,25847.349609375,25872.55078125,209200
2024-09-24,25940.400390625,26011.55078125,25886.849609375,25921.44921875,384100
2024-09-25,26004.150390625,26032.80078125,25871.349609375,25899.44921875,278500
2024-09-26,26216.05078125,26250.900390625,25998.400390625,26005.400390625,370900
2024-09-27,26178.94921875,26277.349609375,26151.400390625,26248.25,490300
2024-09-30,25810.849609375,26134.69921875,25794.099609375,26061.30078125,343100
2024-10-01,25796.900390625,25907.599609375,25739.19921875,25788.44921875,247400
2024-10-03,25250.099609375,25639.44921875,25230.30078125,25452.849609375,423400
2024-10-04,25014.599609375,25485.05078125,24966.80078125,25181.900390625,374900
2024-10-07,24795.75,25143.0,24694.349609375,25084.099609375,374300
2024-10-08,25013.150390625,25044.0,24756.80078125,24832.19921875,333200
2024-10-09,24981.94921875,25234.05078125,24947.69921875,25065.80078125,290600
2024-10-10,24998.44921875,25134.05078125,24979.400390625,25067.05078125,261400
2024-10-11,24964.25,25028.650390625,24920.05078125,24985.30078125,210500
2024-10-14,25127.94921875,25159.75,25017.5,25023.44921875,206400
2024-10-15,25057.349609375,25212.05078125,25008.150390625,25186.30078125,257200
2024-10-16,24971.30078125,25093.400390625,24908.44921875,25008.55078125,226800
2024-10-17,24749.849609375,25029.5,24728.900390625,25027.400390625,252800
2024-10-18,24854.05078125,24886.19921875,24567.650390625,24664.94921875,290900
2024-10-21,24781.099609375,24978.30078125,24679.599609375,24956.150390625,242000
2024-10-22,24472.099609375,24882.0,24445.80078125,24798.650390625,279500
2024-10-23,24435.5,24604.25,24378.099609375,24378.150390625,284600
2024-10-24,24399.400390625,24480.650390625,24341.19921875,24412.69921875,216700
2024-10-25,24180.80078125,24440.25,24073.900390625,24418.05078125,372600
2024-10-28,24339.150390625,24492.599609375,24134.900390625,24251.099609375,278600
2024-10-29,24466.849609375,24484.5,24140.849609375,24328.849609375,332000
2024-10-30,24340.849609375,24498.19921875,24307.30078125,24371.44921875,285200
2024-10-31,24205.349609375,24372.44921875,24172.599609375,24349.849609375,287000
2024-11-01,24304.349609375,24368.25,24280.19921875,24302.75,38800
2024-11-04,23995.349609375,24316.75,23816.150390625,24315.75,285500
2024-11-05,24213.30078125,24229.05078125,23842.75,23916.5,289500
2024-11-06,24484.05078125,24537.599609375,24204.05078125,24308.75,351100
2024-11-07,24199.349609375,24503.349609375,24179.05078125,24489.599609375,322200
2024-11-08,24148.19921875,24276.150390625,24066.650390625,24207.69921875,298700
2024-11-11,24141.30078125,24336.80078125,24004.599609375,24087.25,273400
2024-11-12,23883.44921875,24242.0,23839.150390625,24225.80078125,255800
2024-11-13,23559.05078125,23873.599609375,23509.599609375,23822.44921875,304600
2024-11-14,23532.69921875,23675.900390625,23484.150390625,23542.150390625,257700
2024-11-18,23453.80078125,23606.80078125,23350.400390625,23605.30078125,263300
2024-11-19,23518.5,23780.650390625,23464.80078125,23529.55078125,297500
2024-11-21,23349.900390625,23507.30078125,23263.150390625,23488.44921875,420300
2024-11-22,23907.25,23956.099609375,23359.0,23411.80078125,367600
2024-11-25,24221.900390625,24351.55078125,24135.44921875,24253.55078125,687200
2024-11-26,24194.5,24343.30078125,24125.400390625,24343.30078125,230700
2024-11-27,24274.900390625,24354.55078125,24145.650390625,24204.80078125,295000
2024-11-28,23914.150390625,24345.75,23873.349609375,24274.150390625,366700
2024-11-29,24131.099609375,24188.44921875,23927.150390625,23927.150390625,282100
2024-12-02,24276.05078125,24301.69921875,24008.650390625,24140.849609375,220400
2024-12-03,24457.150390625,24481.349609375,24280.0,24367.5,339500
2024-12-04,24467.44921875,24573.19921875,24366.30078125,24488.75,348000
2024-12-05,24708.400390625,24857.75,24295.55078125,24539.150390625,361500
2024-12-06,24677.80078125,24751.05078125,24620.5,24729.44921875,226700
2024-12-09,24619.0,24705.0,24580.05078125,24633.900390625,248100
2024-12-10,24610.05078125,24677.80078125,24510.650390625,24652.650390625,261000
2024-12-11,24641.80078125,24691.75,24583.849609375,24620.5,187300
2024-12-12,24548.69921875,24675.25,24527.94921875,24604.44921875,266100
2024-12-13,24768.30078125,24792.30078125,24180.80078125,24498.349609375,310100
2024-12-16,24668.25,24781.25,24601.75,24753.400390625,187600
2024-12-17,24336.0,24624.099609375,24303.44921875,24584.80078125,264900
2024-12-18,24198.849609375,24394.44921875,24149.849609375,24297.94921875,235300
2024-12-19,23951.69921875,24004.900390625,23870.30078125,23877.150390625,271100
2024-12-20,23587.5,24065.80078125,23537.349609375,23960.69921875,442700
2024-12-23,23753.44921875,23869.55078125,23647.19921875,23738.19921875,189800
2024-12-24,23727.650390625,23867.650390625,23685.150390625,23769.099609375,177700
2024-12-26,23750.19921875,23854.5,23653.599609375,23775.80078125,177700
2024-12-27,23813.400390625,23938.849609375,23800.599609375,23801.400390625,176800
2024-12-30,23644.900390625,23915.349609375,23599.30078125,23796.900390625,364900
2024-12-31,23644.80078125,23689.849609375,23460.44921875,23560.599609375,193600
2025-01-01,23742.900390625,23822.80078125,23562.80078125,23637.650390625,154900
2025-01-02,24188.650390625,24226.69921875,23751.55078125,23783.0,283200
2025-01-03,24004.75,24196.44921875,23976.0,24196.400390625,312300
2025-01-06,23616.05078125,24089.94921875,23551.900390625,24045.80078125,278100
2025-01-07,23707.900390625,23795.19921875,23637.80078125,23679.900390625,262300
2025-01-08,23688.94921875,23751.849609375,23496.150390625,23746.650390625,266400
2025-01-09,23526.5,23689.5,23503.05078125,23674.75,269200
2025-01-10,23431.5,23596.599609375,23344.349609375,23551.900390625,261000
2025-01-13,23085.94921875,23340.94921875,23047.25,23195.400390625,316500
2025-01-14,23176.05078125,23264.94921875,23134.150390625,23165.900390625,311200
2025-01-15,23213.19921875,23293.650390625,23146.44921875,23250.44921875,228000
2025-01-16,23311.80078125,23391.650390625,23272.05078125,23377.25,299400
2025-01-17,23203.19921875,23292.099609375,23100.349609375,23277.099609375,272900
2025-01-20,23344.75,23391.099609375,23170.650390625,23290.400390625,301500
2025-01-21,23024.650390625,23426.30078125,22976.849609375,23421.650390625,312900
2025-01-22,23155.349609375,23169.55078125,22981.30078125,23099.150390625,276000
2025-01-23,23205.349609375,23270.80078125,23090.650390625,23128.30078125,275600
2025-01-24,23092.19921875,23347.30078125,23050.0,23183.900390625,264300
2025-01-27,22829.150390625,23007.44921875,22786.900390625,22940.150390625,257400
2025-01-28,22957.25,23137.94921875,22857.650390625,22960.44921875,361900
2025-01-29,23163.099609375,23183.349609375,22976.5,23026.75,226300
2025-01-30,23249.5,23322.05078125,23139.19921875,23169.5,361900
2025-01-31,23508.400390625,23546.80078125,23277.400390625,23296.75,304900
2025-02-01,23482.150390625,23632.44921875,23318.30078125,23528.599609375,281000
2025-02-03,23361.05078125,23381.599609375,23222.0,23319.349609375,329700
2025-02-04,23739.25,23762.75,23423.150390625,23509.900390625,376700
2025-02-05,23696.30078125,23807.30078125,23680.44921875,23801.75,267000
2025-02-06,23603.349609375,23773.55078125,23556.25,23761.94921875,307000
2025-02-07,23559.94921875,23694.5,23443.19921875,23649.5,368100
2025-02-10,23381.599609375,23568.599609375,23316.30078125,23543.80078125,234200
2025-02-11,23071.80078125,23390.05078125,22986.650390625,23383.55078125,268000
2025-02-12,23045.25,23144.69921875,22798.349609375,23050.80078125,279700
2025-02-13,23031.400390625,23235.5,22992.19921875,23055.75,265700
2025-02-14,22929.25,23133.69921875,22774.849609375,23096.44921875,254500
2025-02-17,22959.5,22974.19921875,22725.44921875,22809.900390625,207400
2025-02-18,22945.30078125,22992.5,22801.5,22963.650390625,210600
2025-02-19,22932.900390625,23049.94921875,22814.849609375,22847.25,207000
2025-02-20,22913.150390625,22923.849609375,22812.75,22821.099609375,240800
2025-02-21,22795.900390625,22921.0,22720.30078125,22857.19921875,242800
2025-02-24,22553.349609375,22668.05078125,22518.80078125,22609.349609375,214300
2025-02-25,22547.55078125,22625.30078125,22513.900390625,22516.44921875,250300
2025-02-27,22545.05078125,22613.30078125,22508.400390625,22568.94921875,289200
2025-02-28,22124.69921875,22450.349609375,22104.849609375,22433.400390625,551300
2025-03-03,22119.30078125,22261.55078125,22004.69921875,22194.55078125,282400
2025-03-04,22082.650390625,22105.05078125,21964.599609375,21974.44921875,253300
2025-03-05,22337.30078125,22394.900390625,22067.80078125,22073.05078125,305900
2025-03-06,22544.69921875,22556.44921875,22245.849609375,22476.349609375,372100
2025-03-07,22552.5,22633.80078125,22464.75,22508.650390625,289800
2025-03-10,22460.30078125,22676.75,22429.05078125,22521.849609375,293900
2025-03-11,22497.900390625,22522.099609375,22314.69921875,22345.94921875,347900
2025-03-12,22470.5,22577.400390625,22329.55078125,22536.349609375,369700
2025-03-13,22397.19921875,22558.05078125,22377.349609375,22541.5,287500
2025-03-17,22508.75,22577.0,22353.150390625,22353.150390625,251100
2025-03-18,22834.30078125,22857.80078125,22599.19921875,22662.25,272600
2025-03-19,22907.599609375,22940.69921875,22807.94921875,22874.94921875,324000
2025-03-20,23190.650390625,23216.69921875,22973.94921875,23036.599609375,313700
2025-03-21,23350.400390625,23402.69921875,23132.80078125,23168.25,541000
2025-03-24,23658.349609375,23708.75,23433.5,23515.400390625,311900
2025-03-25,23668.650390625,23869.599609375,23601.400390625,23751.5,338200
2025-03-26,23486.849609375,23736.5,23451.69921875,23700.94921875,278600
2025-03-27,23591.94921875,23646.44921875,23412.19921875,23433.94921875,510300
2025-03-28,23519.349609375,23649.19921875,23450.19921875,23600.400390625,295400
2025-04-01,23165.69921875,23565.150390625,23136.400390625,23341.099609375,314300
2025-04-02,23332.349609375,23350.0,23158.44921875,23192.599609375,341000
2025-04-03,23250.099609375,23306.5,23145.80078125,23150.30078125,283200
2025-04-04,22904.44921875,23214.69921875,22857.44921875,23190.400390625,466800
2025-04-07,22161.599609375,22254.0,21743.650390625,21758.400390625,647100
2025-04-08,22535.849609375,22697.19921875,22270.849609375,22446.75,468300
2025-04-09,22399.150390625,22468.69921875,22353.25,22460.30078125,383800
2025-04-11,22828.55078125,22923.900390625,22695.400390625,22695.400390625,402200
2025-04-15,23328.55078125,23368.349609375,23207.0,23368.349609375,388300
2025-04-16,23437.19921875,23452.19921875,23273.05078125,23344.099609375,348400
2025-04-17,23851.650390625,23872.349609375,23298.55078125,23401.849609375,505300
2025-04-21,24125.55078125,24189.55078125,23903.650390625,23949.150390625,406100
2025-04-22,24167.25,24242.599609375,24072.0,24185.400390625,440900
2025-04-23,24328.94921875,24359.30078125,24119.94921875,24357.599609375,415000
2025-04-24,24246.69921875,24347.849609375,24216.150390625,24277.900390625,358800
2025-04-25,24039.349609375,24365.44921875,23847.849609375,24289.0,387700
2025-04-28,24328.5,24355.099609375,24054.05078125,24070.25,320500
2025-04-29,24335.94921875,24457.650390625,24290.75,24370.69921875,357600
2025-04-30,24334.19921875,24396.150390625,24198.75,24342.05078125,424500
2025-05-02,24346.69921875,24589.150390625,24238.5,24311.900390625,421100
2025-05-05,24461.150390625,24526.400390625,24400.650390625,24419.5,291500
2025-05-06,24379.599609375,24509.650390625,24331.80078125,24500.75,302400
2025-05-07,24414.400390625,24449.599609375,24220.0,24233.30078125,330100
2025-05-08,24273.80078125,24447.25,24150.19921875,24431.5,411400
2025-05-09,24008.0,24164.25,23935.75,23935.75,335600
2025-05-12,24924.69921875,24944.80078125,24378.849609375,24420.099609375,368700
2025-05-13,24578.349609375,24973.80078125,24547.5,24864.05078125,423000
2025-05-14,24666.900390625,24767.55078125,24535.55078125,24613.80078125,345500
2025-05-15,25062.099609375,25116.25,24494.44921875,24694.44921875,500800
2025-05-16,25019.80078125,25070.0,24953.05078125,25064.650390625,432700
2025-05-19,24945.44921875,25062.94921875,24916.650390625,25005.349609375,255300
2025-05-20,24683.900390625,25010.349609375,24669.69921875,24996.19921875,414800
2025-05-21,24813.44921875,24946.19921875,24685.349609375,24744.25,332700
2025-05-22,24609.69921875,24737.5,24462.400390625,24733.94921875,403300
2025-05-23,24853.150390625,24909.05078125,24614.05078125,24639.5,270500
2025-05-26,25001.150390625,25079.19921875,24900.5,24919.349609375,302800
2025-05-27,24826.19921875,25062.900390625,24704.099609375,24956.650390625,525700
2025-05-28,24752.44921875,24864.25,24737.05078125,24832.5,684400
2025-05-29,24833.599609375,24892.599609375,24677.30078125,24825.099609375,345400
2025-05-30,24750.69921875,24863.94921875,24717.400390625,24812.599609375,853900
2025-06-02,24716.599609375,24754.400390625,24526.150390625,24669.69921875,311100
2025-06-03,24542.5,24845.099609375,24502.150390625,24786.30078125,349300
2025-06-04,24620.19921875,24644.25,24530.44921875,24560.44921875,280900
2025-06-05,24750.900390625,24899.849609375,24613.099609375,24691.19921875,388400
2025-06-06,25003.05078125,25029.5,24671.44921875,24748.69921875,335600
2025-06-09,25103.19921875,25160.099609375,25077.150390625,25160.099609375,279200
2025-06-10,25104.25,25199.30078125,25055.44921875,25196.05078125,307300
2025-06-11,25141.400390625,25222.400390625,25081.30078125,25134.150390625,301200
2025-06-12,24888.19921875,25196.19921875,24825.900390625,25164.44921875,328300
2025-06-13,24718.599609375,24754.349609375,24473.0,24473.0,318700
2025-06-16,24946.5,24967.099609375,24703.599609375,24732.349609375,305800
2025-06-17,24853.400390625,24982.05078125,24813.69921875,24977.849609375,242400
2025-06-18,24812.05078125,24947.55078125,24750.44921875,24788.349609375,237600
2025-06-19,24793.25,24863.099609375,24733.400390625,24803.25,274600
2025-06-20,25112.400390625,25136.19921875,24783.650390625,24787.650390625,574700
2025-06-23,24971.900390625,25057.0,24824.849609375,24939.75,248500
2025-06-24,25044.349609375,25317.69921875,24999.69921875,25179.900390625,450200
2025-06-25,25244.75,25266.80078125,25125.05078125,25150.349609375,260600
2025-06-26,25549.0,25565.30078125,25259.900390625,25268.94921875,428900
2025-06-27,25637.80078125,25654.19921875,25523.55078125,25576.650390625,564000
2025-06-30,25517.05078125,25669.349609375,25473.30078125,25661.650390625,271000
2025-07-01,25541.80078125,25593.400390625,25501.80078125,25551.349609375,260700
2025-07-02,25453.400390625,25608.099609375,25378.75,25588.30078125,309800
2025-07-03,25405.30078125,25587.5,25384.349609375,25505.099609375,293400
2025-07-04,25461.0,25470.25,25331.650390625,25428.849609375,193500
2025-07-07,25461.30078125,25489.80078125,25407.25,25450.44921875,196100
2025-07-08,25522.5,25548.05078125,25424.150390625,25427.849609375,210400
2025-07-09,25476.099609375,25548.69921875,25424.349609375,25514.599609375,239100
2025-07-10,25355.25,25524.05078125,25340.44921875,25511.650390625,219600
2025-07-11,25149.849609375,25322.44921875,25129.0,25255.5,250000
2025-07-14,25082.30078125,25151.099609375,25001.94921875,25149.5,259500
2025-07-15,25195.80078125,25245.19921875,25088.44921875,25089.5,241300
2025-07-16,25212.05078125,25255.30078125,25121.05078125,25196.599609375,228800
2025-07-17,25111.44921875,25238.349609375,25101.0,25230.75,243400
2025-07-18,24968.400390625,25144.599609375,24918.650390625,25108.55078125,317000
2025-07-21,25090.69921875,25111.400390625,24882.30078125,24999.0,305200
2025-07-22,25060.900390625,25182.0,25035.55078125,25166.650390625,483700
2025-07-23,25219.900390625,25233.5,25085.5,25139.349609375,271500
2025-07-24,25062.099609375,25246.25,25018.69921875,25243.30078125,338700
2025-07-25,24837.0,25010.349609375,24806.349609375,25010.349609375,278100
2025-07-28,24680.900390625,24889.19921875,24646.599609375,24782.44921875,262100
2025-07-29,24821.099609375,24847.150390625,24598.599609375,24609.650390625,284700
2025-07-30,24855.05078125,24902.30078125,24771.94921875,24890.400390625,243900
2025-07-31,24768.349609375,24956.5,24635.0,24642.25,346300
2025-08-01,24565.349609375,24784.150390625,24535.05078125,24734.900390625,263400
2025-08-04,24722.75,24736.25,24554.0,24596.05078125,259300
2025-08-05,24649.55078125,24733.099609375,24590.30078125,24720.25,251800
2025-08-06,24574.19921875,24671.400390625,24539.19921875,24641.349609375,225100
2025-08-07,24596.150390625,24634.19921875,24344.150390625,24464.19921875,616700
2025-08-08,24363.30078125,24585.5,24337.5,24544.25,312600
2025-08-11,24585.05078125,24600.849609375,24347.44921875,24371.5,241100
2025-08-12,24487.400390625,24702.599609375,24465.650390625,24563.349609375,237000
2025-08-13,24619.349609375,24664.55078125,24535.25,24586.19921875,236000
2025-08-14,24631.30078125,24673.650390625,24596.900390625,24607.25,270200
2025-08-18,24876.94921875,25022.0,24852.849609375,24938.19921875,363100
2025-08-19,24980.650390625,25012.650390625,24873.94921875,24891.349609375,252300
2025-08-20,25050.55078125,25088.69921875,24929.69921875,24965.80078125,287100
2025-08-21,25083.75,25153.650390625,25054.900390625,25142.0,226500
2025-08-22,24870.099609375,25084.849609375,24859.150390625,25064.150390625,210200
2025-08-25,24967.75,25021.55078125,24894.349609375,24949.150390625,213000
2025-08-26,24712.05078125,24919.650390625,24689.599609375,24899.5,750500
2025-08-28,24500.900390625,24702.650390625,24481.599609375,24695.80078125,326600
2025-08-29,24426.849609375,24572.44921875,24404.69921875,24466.69921875,325500
2025-09-01,24625.05078125,24635.599609375,24432.69921875,24432.69921875,229300
2025-09-02,24579.599609375,24756.099609375,24522.349609375,24653.0,271600
2025-09-03,24715.05078125,24737.05078125,24533.19921875,24616.5,340300
2025-09-04,24734.30078125,24980.75,24708.19921875,24980.75,314100
2025-09-05,24741.0,24832.349609375,24621.599609375,24818.849609375,210100
2025-09-08,24773.150390625,24885.5,24751.55078125,24802.599609375,213200
2025-09-09,24868.599609375,24891.80078125,24814.0,24864.099609375,226900
2025-09-10,24973.099609375,25035.69921875,24915.05078125,24991.0,244100
2025-09-11,25005.5,25037.30078125,24940.150390625,24945.5,224600
2025-09-12,25114.0,25139.44921875,25038.05078125,25074.44921875,225700
2025-09-15,25069.19921875,25138.44921875,25048.75,25118.900390625,185400
2025-09-16,25239.099609375,25261.400390625,25070.44921875,25073.599609375,240100
2025-09-17,25330.25,25346.5,25275.349609375,25276.599609375,268900
2025-09-18,25423.599609375,25448.94921875,25329.75,25441.05078125,272200
2025-09-19,25327.05078125,25428.75,25286.30078125,25410.19921875,380400
2025-09-22,25202.349609375,25331.69921875,25151.05078125,25238.099609375,254500
2025-09-23,25169.5,25261.900390625,25084.650390625,25209.0,299200
2025-09-24,25056.900390625,25149.849609375,25027.44921875,25108.75,244400
2025-09-25,24890.849609375,25092.69921875,24878.30078125,25034.5,342500
2025-09-26,24654.69921875,24868.599609375,24629.44921875,24818.55078125,291500
2025-09-29,24634.900390625,24791.30078125,24606.19921875,24728.55078125,394400
2025-09-30,24611.099609375,24731.80078125,24587.69921875,24691.94921875,303000
2025-10-01,24836.30078125,24867.94921875,24605.94921875,24620.55078125,308900
2025-10-03,24894.25,24904.80078125,24747.55078125,24759.55078125,365900
2025-10-06,25077.650390625,25095.94921875,24881.650390625,24916.55078125,268800
2025-10-07,25108.30078125,25220.900390625,25076.30078125,25085.30078125,288000
2025-10-08,25046.150390625,25192.5,25008.5,25079.75,227400
2025-10-09,25181.80078125,25199.25,25024.30078125,25074.30078125,286300
2025-10-10,25285.349609375,25330.75,25156.849609375,25167.650390625,232900
2025-10-13,25227.349609375,25267.30078125,25152.30078125,25177.30078125,234300
2025-10-14,25145.5,25310.349609375,25060.55078125,25277.55078125,292100
2025-10-15,25323.55078125,25365.150390625,25159.349609375,25181.94921875,289900
2025-10-16,25585.30078125,25625.400390625,25376.849609375,25394.900390625,372800
2025-10-17,25709.849609375,25781.5,25508.599609375,25546.849609375,422100
2025-10-20,25843.150390625,25926.19921875,25788.5,25824.599609375,301100
2025-10-21,25868.599609375,25934.349609375,25825.80078125,25901.19921875,42500
2025-10-23,25891.400390625,26104.19921875,25862.44921875,26057.19921875,448400
2025-10-24,25795.150390625,25944.150390625,25718.19921875,25935.099609375,284900
2025-10-27,25966.05078125,26005.94921875,25827.0,25843.19921875,266300
2025-10-28,25936.19921875,26041.69921875,25810.05078125,25939.94921875,395200
2025-10-29,26053.900390625,26097.849609375,25960.30078125,25982.0,321900
2025-10-30,25877.849609375,26032.05078125,25845.25,25984.400390625,257400
2025-10-31,25722.099609375,25953.75,25711.19921875,25863.80078125,334400
2025-11-03,25763.349609375,25803.099609375,25645.5,25696.849609375,23300
2025-11-04,25597.650390625,25787.400390625,25578.400390625,25744.75,305100
2025-11-06,25509.69921875,25679.150390625,25491.55078125,25593.349609375,371900
2025-11-07,25492.30078125,25551.25,25318.44921875,25433.80078125,305600
2025-11-10,25574.349609375,25653.44921875,25503.5,25503.5,243600
2025-11-11,25694.94921875,25715.80078125,25449.25,25617.0,297700
2025-11-12,25875.80078125,25934.55078125,25781.150390625,25834.30078125,312600
2025-11-13,25879.150390625,26010.69921875,25808.400390625,25906.099609375,385200
2025-11-14,25910.05078125,25940.19921875,25740.80078125,25767.900390625,518900
2025-11-17,26013.44921875,26024.19921875,25906.349609375,25948.19921875,281800
2025-11-18,25910.05078125,26029.849609375,25876.5,26021.80078125,280000
2025-11-19,26052.650390625,26074.650390625,25856.19921875,25918.099609375,250100
2025-11-20,26192.150390625,26246.650390625,26063.19921875,26132.099609375,240400
2025-11-21,26068.150390625,26179.19921875,26052.19921875,26109.55078125,235600
