Date,Open,High,Low,Close,Volume
2025-11-24 03:45:00,26128.30078125,26134.19921875,26082.650390625,26097.25,0.0
2025-11-24 03:50:00,26096.94921875,26120.400390625,26091.150390625,26098.900390625,0.0
2025-11-24 03:55:00,26099.25,26114.900390625,26098.19921875,26113.599609375,0.0
2025-11-24 04:00:00,26115.099609375,26116.80078125,26090.25,26092.94921875,0.0
2025-11-24 04:05:00,26093.44921875,26093.900390625,26077.94921875,26088.099609375,0.0
2025-11-24 04:10:00,26088.400390625,26093.25,26074.400390625,26074.900390625,0.0
2025-11-24 04:15:00,26076.19921875,26097.44921875,26064.69921875,26095.69921875,0.0
2025-11-24 04:20:00,26095.44921875,26107.900390625,26086.30078125,26087.25,0.0
2025-11-24 04:25:00,26087.400390625,26093.25,26084.0,26085.400390625,0.0
2025-11-24 04:30:00,26085.400390625,26110.900390625,26085.400390625,26107.900390625,0.0
2025-11-24 04:35:00,26108.650390625,26118.69921875,26108.650390625,26117.44921875,0.0
2025-11-24 04:40:00,26117.75,26130.349609375,26114.25,26128.5,0.0
2025-11-24 04:45:00,26129.05078125,26129.55078125,26110.5,26113.94921875,0.0
2025-11-24 04:50:00,26114.30078125,26128.69921875,26114.05078125,26125.150390625,0.0
2025-11-24 04:55:00,26125.19921875,26128.80078125,26121.25,26121.25,0.0
2025-11-24 05:00:00,26121.25,26130.599609375,26117.0,26129.400390625,0.0
2025-11-24 05:05:00,26128.19921875,26142.5,26128.19921875,26137.44921875,0.0
2025-11-24 05:10:00,26137.80078125,26141.75,26130.5,26130.94921875,0.0
2025-11-24 05:15:00,26131.900390625,26137.30078125,26126.849609375,26132.05078125,0.0
2025-11-24 05:20:00,26131.80078125,26131.80078125,26113.30078125,26114.099609375,0.0
2025-11-24 05:25:00,26114.400390625,26115.30078125,26108.150390625,26108.400390625,0.0
2025-11-24 05:30:00,26108.599609375,26110.5,26094.400390625,26105.25,0.0
2025-11-24 05:35:00,26105.400390625,26106.349609375,26098.099609375,26099.75,0.0
2025-11-24 05:40:00,26100.599609375,26102.69921875,26094.94921875,26098.099609375,0.0
2025-11-24 05:45:00,26098.400390625,26098.400390625,26088.099609375,26093.5,0.0
2025-11-24 05:50:00,26093.94921875,26099.349609375,26092.75,26096.80078125,0.0
2025-11-24 05:55:00,26097.099609375,26123.44921875,26096.400390625,26122.599609375,0.0
2025-11-24 06:00:00,26122.19921875,26126.0,26118.650390625,26122.19921875,0.0
2025-11-24 06:05:00,26122.05078125,26130.94921875,26117.94921875,26118.25,0.0
2025-11-24 06:10:00,26118.900390625,26122.25,26114.599609375,26117.150390625,0.0
2025-11-24 06:15:00,26117.30078125,26117.30078125,26096.30078125,26097.650390625,0.0
2025-11-24 06:20:00,26098.150390625,26098.150390625,26068.30078125,26069.849609375,0.0
2025-11-24 06:25:00,26070.400390625,26079.099609375,26063.400390625,26077.400390625,0.0
2025-11-24 06:30:00,26078.44921875,26089.5,26075.44921875,26083.849609375,0.0
2025-11-24 06:35:00,26083.94921875,26085.849609375,26072.650390625,26072.900390625,0.0
2025-11-24 06:40:00,26073.44921875,26074.400390625,26065.599609375,26069.099609375,0.0
2025-11-24 06:45:00,26068.650390625,26082.099609375,26066.55078125,26077.44921875,0.0
2025-11-24 06:50:00,26078.25,26089.349609375,26069.44921875,26073.650390625,0.0
2025-11-24 06:55:00,26073.349609375,26074.849609375,26059.55078125,26065.55078125,0.0
2025-11-24 07:00:00,26066.75,26080.099609375,26047.0,26077.599609375,0.0
2025-11-24 07:05:00,26078.400390625,26083.849609375,26074.650390625,26077.05078125,0.0
2025-11-24 07:10:00,26078.05078125,26080.849609375,26073.30078125,26078.0,0.0
2025-11-24 07:15:00,26078.19921875,26088.19921875,26077.150390625,26085.30078125,0.0
2025-11-24 07:20:00,26086.5,26093.30078125,26073.44921875,26074.849609375,0.0
2025-11-24 07:25:00,26075.900390625,26085.69921875,26068.30078125,26084.75,0.0
2025-11-24 07:30:00,26085.69921875,26088.349609375,26071.75,26074.599609375,0.0
2025-11-24 07:35:00,26075.05078125,26090.30078125,26065.650390625,26083.900390625,0.0
2025-11-24 07:40:00,26084.400390625,26092.94921875,26079.650390625,26080.599609375,0.0
2025-11-24 07:45:00,26081.80078125,26091.44921875,26078.19921875,26088.150390625,0.0
2025-11-24 07:50:00,26089.0,26096.05078125,26089.0,26091.05078125,0.0
2025-11-24 07:55:00,26093.349609375,26094.150390625,26077.55078125,26083.44921875,0.0
2025-11-24 08:00:00,26083.69921875,26083.69921875,26076.19921875,26079.19921875,0.0
2025-11-24 08:05:00,26079.5,26091.0,26070.44921875,26070.44921875,0.0
2025-11-24 08:10:00,26071.599609375,26088.400390625,26062.80078125,26086.55078125,0.0
2025-11-24 08:15:00,26088.349609375,26090.05078125,26079.0,26080.69921875,0.0
2025-11-24 08:20:00,26081.80078125,26086.150390625,26074.5,26076.94921875,0.0
2025-11-24 08:25:00,26077.900390625,26083.25,26069.0,26069.55078125,0.0
2025-11-24 08:30:00,26069.900390625,26072.94921875,26049.400390625,26050.75,0.0
2025-11-24 08:35:00,26051.19921875,26053.05078125,26035.099609375,26035.599609375,0.0
2025-11-24 08:40:00,26036.19921875,26058.349609375,26036.19921875,26057.150390625,0.0
2025-11-24 08:45:00,26054.650390625,26060.05078125,26039.55078125,26039.55078125,0.0
2025-11-24 08:50:00,26040.5,26040.900390625,26026.0,26026.55078125,0.0
2025-11-24 08:55:00,26027.75,26039.099609375,26026.150390625,26026.150390625,0.0
2025-11-24 09:00:00,26027.30078125,26040.75,26026.0,26026.150390625,0.0
2025-11-24 09:05:00,26026.80078125,26033.75,26018.94921875,26023.599609375,0.0
2025-11-24 09:10:00,26024.150390625,26036.849609375,26023.349609375,26025.69921875,0.0
2025-11-24 09:15:00,26027.099609375,26038.900390625,26026.19921875,26029.650390625,0.0
2025-11-24 09:20:00,26030.19921875,26039.05078125,26015.94921875,26019.75,0.0
2025-11-24 09:25:00,26020.650390625,26043.44921875,26019.849609375,26039.05078125,0.0
2025-11-24 09:30:00,26039.80078125,26057.75,25977.19921875,25977.19921875,0.0
2025-11-24 09:35:00,25977.44921875,25977.44921875,25955.349609375,25964.55078125,0.0
2025-11-24 09:40:00,25964.900390625,25968.099609375,25952.55078125,25954.400390625,0.0
2025-11-24 09:45:00,25954.55078125,25960.650390625,25948.80078125,25950.94921875,0.0
2025-11-24 09:50:00,25951.400390625,25952.099609375,25928.0,25930.900390625,0.0
2025-11-24 09:55:00,25930.80078125,25952.25,25913.0,25943.349609375,0.0
2025-11-25 03:45:00,25997.599609375,25997.599609375,25924.55078125,25965.0,0.0
2025-11-25 03:50:00,25963.75,25968.75,25942.55078125,25955.849609375,0.0
2025-11-25 03:55:00,25955.099609375,25969.150390625,25946.44921875,25955.19921875,0.0
2025-11-25 04:00:00,25954.849609375,25979.599609375,25953.80078125,25977.55078125,0.0
2025-11-25 04:05:00,25979.400390625,25980.650390625,25960.94921875,25969.5,0.0
2025-11-25 04:10:00,25969.400390625,25978.69921875,25968.25,25969.099609375,0.0
2025-11-25 04:15:00,25969.0,25975.80078125,25961.05078125,25961.150390625,0.0
2025-11-25 04:20:00,25960.25,25988.099609375,25952.099609375,25983.900390625,0.0
2025-11-25 04:25:00,25984.05078125,25990.599609375,25978.94921875,25988.400390625,0.0
2025-11-25 04:30:00,25987.650390625,26000.099609375,25985.55078125,25989.900390625,0.0
2025-11-25 04:35:00,25988.650390625,26005.849609375,25988.650390625,26005.150390625,0.0
2025-11-25 04:40:00,26005.650390625,26025.25,26004.150390625,26018.599609375,0.0
2025-11-25 04:45:00,26019.349609375,26024.0,26013.0,26014.099609375,0.0
2025-11-25 04:50:00,26013.19921875,26019.94921875,26005.5,26015.19921875,0.0
2025-11-25 04:55:00,26014.94921875,26020.25,26005.099609375,26010.55078125,0.0
2025-11-25 05:00:00,26010.849609375,26020.400390625,26001.150390625,26001.69921875,0.0
2025-11-25 05:05:00,26001.900390625,26012.650390625,25992.44921875,26008.650390625,0.0
2025-11-25 05:10:00,26007.900390625,26009.75,25991.400390625,25991.400390625,0.0
2025-11-25 05:15:00,25991.75,25991.900390625,25982.349609375,25984.5,0.0
2025-11-25 05:20:00,25984.69921875,25990.55078125,25973.05078125,25975.25,0.0
2025-11-25 05:25:00,25975.44921875,25976.05078125,25938.44921875,25939.099609375,0.0
2025-11-25 05:30:00,25938.94921875,25939.900390625,25927.150390625,25934.900390625,0.0
2025-11-25 05:35:00,25934.900390625,25938.849609375,25931.05078125,25937.0,0.0
2025-11-25 05:40:00,25936.849609375,25945.349609375,25933.099609375,25945.19921875,0.0
2025-11-25 05:45:00,25945.25,25953.80078125,25944.44921875,25948.80078125,0.0
2025-11-25 05:50:00,25949.0,25953.19921875,25942.349609375,25950.25,0.0
2025-11-25 05:55:00,25950.25,25964.80078125,25949.55078125,25962.80078125,0.0
2025-11-25 06:00:00,25962.69921875,25966.349609375,25958.099609375,25965.19921875,0.0
2025-11-25 06:05:00,25965.25,25968.650390625,25962.0,25966.900390625,0.0
2025-11-25 06:10:00,25966.5,25969.80078125,25950.55078125,25952.150390625,0.0
2025-11-25 06:15:00,25952.0,25964.44921875,25950.650390625,25962.69921875,0.0
2025-11-25 06:20:00,25963.55078125,25976.349609375,25962.349609375,25973.650390625,0.0
2025-11-25 06:25:00,25973.0,25994.75,25972.25,25987.44921875,0.0
2025-11-25 06:30:00,25987.5,25990.69921875,25974.900390625,25975.75,0.0
2025-11-25 06:35:00,25976.349609375,25991.150390625,25975.849609375,25988.599609375,0.0
2025-11-25 06:40:00,25988.30078125,25988.75,25973.44921875,25981.400390625,0.0
2025-11-25 06:45:00,25981.599609375,25986.0,25963.0,25964.44921875,0.0
2025-11-25 06:50:00,25964.0,25964.75,25954.349609375,25957.94921875,0.0
2025-11-25 06:55:00,25958.349609375,25975.900390625,25954.55078125,25957.94921875,0.0
2025-11-25 07:00:00,25958.19921875,25969.650390625,25958.19921875,25966.900390625,0.0
2025-11-25 07:05:00,25966.69921875,25977.80078125,25964.75,25974.75,0.0
2025-11-25 07:10:00,25974.650390625,25990.150390625,25972.900390625,25987.44921875,0.0
2025-11-25 07:15:00,25987.25,25994.19921875,25986.30078125,25986.30078125,0.0
2025-11-25 07:20:00,25986.30078125,25998.80078125,25979.25,25994.5,0.0
2025-11-25 07:25:00,25994.55078125,26002.19921875,25983.900390625,25983.900390625,0.0
2025-11-25 07:30:00,25984.05078125,25984.19921875,25969.650390625,25974.94921875,0.0
2025-11-25 07:35:00,25974.80078125,26006.400390625,25973.599609375,26001.55078125,0.0
2025-11-25 07:40:00,26002.349609375,26009.30078125,25986.150390625,25990.25,0.0
2025-11-25 07:45:00,25990.0,26001.69921875,25987.650390625,25990.599609375,0.0
2025-11-25 07:50:00,25991.30078125,26002.0,25983.349609375,26000.30078125,0.0
2025-11-25 07:55:00,26000.099609375,26014.849609375,25998.19921875,26009.19921875,0.0
2025-11-25 08:00:00,26008.599609375,26012.599609375,25989.19921875,26004.94921875,0.0
2025-11-25 08:05:00,26003.94921875,26013.400390625,26000.400390625,26011.349609375,0.0
2025-11-25 08:10:00,26010.75,26012.349609375,25992.80078125,25996.44921875,0.0
2025-11-25 08:15:00,25995.69921875,26009.25,25987.19921875,25999.099609375,0.0
2025-11-25 08:20:00,25998.599609375,26008.75,25996.19921875,26007.55078125,0.0
2025-11-25 08:25:00,26008.099609375,26010.5,26001.19921875,26008.349609375,0.0
2025-11-25 08:30:00,26008.349609375,26023.44921875,26006.44921875,26019.75,0.0
2025-11-25 08:35:00,26020.19921875,26028.55078125,26013.599609375,26013.599609375,0.0
2025-11-25 08:40:00,26014.150390625,26023.849609375,26012.900390625,26020.25,0.0
2025-11-25 08:45:00,26020.599609375,26032.099609375,26003.05078125,26004.19921875,0.0
2025-11-25 08:50:00,26003.650390625,26012.900390625,25989.0,25990.900390625,0.0
2025-11-25 08:55:00,25989.650390625,25992.150390625,25972.099609375,25973.650390625,0.0
2025-11-25 09:00:00,25972.55078125,25972.75,25953.75,25958.44921875,0.0
2025-11-25 09:05:00,25958.44921875,25968.900390625,25943.75,25947.349609375,0.0
2025-11-25 09:10:00,25946.69921875,25966.5,25942.900390625,25963.400390625,0.0
2025-11-25 09:15:00,25962.75,25966.849609375,25950.69921875,25959.099609375,0.0
2025-11-25 09:20:00,25959.25,25963.599609375,25920.349609375,25921.69921875,0.0
2025-11-25 09:25:00,25921.150390625,25932.599609375,25898.75,25899.80078125,0.0
2025-11-25 09:30:00,25899.30078125,25920.400390625,25869.75,25883.400390625,0.0
2025-11-25 09:35:00,25884.849609375,25901.19921875,25879.80078125,25887.400390625,0.0
2025-11-25 09:40:00,25885.44921875,25901.849609375,25881.650390625,25886.0,0.0
2025-11-25 09:45:00,25886.05078125,25886.05078125,25877.0,25879.349609375,0.0
2025-11-25 09:50:00,25880.0,25882.599609375,25870.099609375,25873.5,0.0
2025-11-25 09:55:00,25872.75,25874.25,25858.400390625,25860.30078125,0.0
2025-11-26 03:45:00,25842.94921875,25969.05078125,25842.94921875,25969.05078125,0.0
2025-11-26 03:50:00,25969.650390625,25977.349609375,25965.099609375,25969.349609375,0.0
2025-11-26 03:55:00,25969.30078125,25983.400390625,25965.599609375,25979.30078125,0.0
2025-11-26 04:00:00,25979.900390625,26014.55078125,25979.599609375,26011.0,0.0
2025-11-26 04:05:00,26011.44921875,26015.75,25999.099609375,26003.099609375,0.0
2025-11-26 04:10:00,26003.30078125,26025.44921875,26000.80078125,26024.599609375,0.0
2025-11-26 04:15:00,26024.099609375,26049.650390625,26024.099609375,26049.44921875,0.0
2025-11-26 04:20:00,26049.19921875,26080.05078125,26048.30078125,26077.349609375,0.0
2025-11-26 04:25:00,26076.30078125,26084.150390625,26068.05078125,26077.94921875,0.0
2025-11-26 04:30:00,26077.44921875,26092.44921875,26077.44921875,26087.400390625,0.0
2025-11-26 04:35:00,26087.25,26098.19921875,26085.900390625,26092.80078125,0.0
2025-11-26 04:40:00,26092.94921875,26095.19921875,26074.75,26084.5,0.0
2025-11-26 04:45:00,26084.25,26092.69921875,26082.05078125,26084.349609375,0.0
2025-11-26 04:50:00,26085.599609375,26085.599609375,26068.150390625,26077.099609375,0.0
2025-11-26 04:55:00,26077.400390625,26079.650390625,26061.900390625,26067.25,0.0
2025-11-26 05:00:00,26067.30078125,26088.44921875,26066.19921875,26078.80078125,0.0
2025-11-26 05:05:00,26077.94921875,26089.19921875,26073.0,26088.400390625,0.0
2025-11-26 05:10:00,26088.5,26093.400390625,26084.55078125,26092.19921875,0.0
2025-11-26 05:15:00,26091.650390625,26130.5,26091.650390625,26123.44921875,0.0
2025-11-26 05:20:00,26122.94921875,26126.099609375,26103.55078125,26106.55078125,0.0
2025-11-26 05:25:00,26106.55078125,26114.80078125,26103.94921875,26109.150390625,0.0
2025-11-26 05:30:00,26108.5,26121.900390625,26108.5,26118.5,0.0
2025-11-26 05:35:00,26118.099609375,26126.69921875,26111.94921875,26117.400390625,0.0
2025-11-26 05:40:00,26117.44921875,26118.75,26113.400390625,26116.5,0.0
2025-11-26 05:45:00,26116.75,26131.80078125,26115.900390625,26130.900390625,0.0
2025-11-26 05:50:00,26129.94921875,26135.94921875,26127.849609375,26130.75,0.0
2025-11-26 05:55:00,26130.44921875,26139.25,26127.900390625,26131.80078125,0.0
2025-11-26 06:00:00,26131.44921875,26138.75,26127.30078125,26134.94921875,0.0
2025-11-26 06:05:00,26135.0,26137.099609375,26124.900390625,26126.25,0.0
2025-11-26 06:10:00,26126.099609375,26129.05078125,26120.849609375,26121.5,0.0
2025-11-26 06:15:00,26121.05078125,26132.900390625,26116.69921875,26131.349609375,0.0
2025-11-26 06:20:00,26131.599609375,26136.30078125,26128.94921875,26131.900390625,0.0
2025-11-26 06:25:00,26131.44921875,26145.349609375,26130.30078125,26143.400390625,0.0
2025-11-26 06:30:00,26143.80078125,26152.55078125,26137.19921875,26149.80078125,0.0
2025-11-26 06:35:00,26148.55078125,26160.150390625,26147.75,26158.19921875,0.0
2025-11-26 06:40:00,26158.400390625,26161.19921875,26155.19921875,26156.849609375,0.0
2025-11-26 06:45:00,26156.94921875,26159.349609375,26150.19921875,26150.80078125,0.0
2025-11-26 06:50:00,26151.650390625,26156.55078125,26147.25,26154.75,0.0
2025-11-26 06:55:00,26154.0,26162.05078125,26149.150390625,26157.599609375,0.0
2025-11-26 07:00:00,26157.80078125,26162.25,26149.05078125,26162.0,0.0
2025-11-26 07:05:00,26161.69921875,26168.55078125,26160.400390625,26167.900390625,0.0
2025-11-26 07:10:00,26167.599609375,26171.599609375,26164.69921875,26170.69921875,0.0
2025-11-26 07:15:00,26170.44921875,26172.5,26163.55078125,26165.94921875,0.0
2025-11-26 07:20:00,26165.55078125,26173.44921875,26162.400390625,26165.849609375,0.0
2025-11-26 07:25:00,26165.650390625,26173.099609375,26160.150390625,26172.05078125,0.0
2025-11-26 07:30:00,26171.69921875,26185.400390625,26169.44921875,26184.5,0.0
2025-11-26 07:35:00,26184.150390625,26191.30078125,26180.19921875,26189.80078125,0.0
2025-11-26 07:40:00,26188.25,26195.25,26188.25,26188.900390625,0.0
2025-11-26 07:50:00,26188.55078125,26193.900390625,26171.80078125,26172.69921875,0.0
2025-11-26 07:55:00,26173.150390625,26180.650390625,26151.900390625,26154.44921875,0.0
2025-11-26 08:00:00,26154.30078125,26179.44921875,26154.25,26171.55078125,0.0
2025-11-26 08:05:00,26172.0,26179.05078125,26170.80078125,26177.650390625,0.0
2025-11-26 08:10:00,26177.349609375,26191.25,26172.900390625,26173.150390625,0.0
2025-11-26 08:15:00,26173.25,26181.900390625,26166.849609375,26176.650390625,0.0
2025-11-26 08:20:00,26176.5,26181.400390625,26163.150390625,26178.849609375,0.0
2025-11-26 08:25:00,26178.80078125,26195.44921875,26178.099609375,26184.599609375,0.0
2025-11-26 08:30:00,26185.0,26211.94921875,26182.75,26202.400390625,0.0
2025-11-26 08:35:00,26201.900390625,26203.849609375,26174.849609375,26202.150390625,0.0
2025-11-26 08:40:00,26201.94921875,26206.5,26196.75,26197.349609375,0.0
2025-11-26 08:45:00,26197.599609375,26199.099609375,26180.69921875,26189.900390625,0.0
2025-11-26 08:50:00,26189.900390625,26198.55078125,26188.099609375,26196.0,0.0
2025-11-26 08:55:00,26197.25,26199.650390625,26167.599609375,26168.19921875,0.0
2025-11-26 09:00:00,26167.650390625,26185.099609375,26166.05078125,26181.30078125,0.0
2025-11-26 09:05:00,26180.900390625,26186.0,26177.55078125,26181.349609375,0.0
2025-11-26 09:10:00,26181.30078125,26198.5,26179.400390625,26188.349609375,0.0
2025-11-26 09:15:00,26187.55078125,26194.349609375,26175.400390625,26175.400390625,0.0
2025-11-26 09:20:00,26175.099609375,26185.5,26159.05078125,26185.349609375,0.0
2025-11-26 09:25:00,26184.69921875,26196.599609375,26182.900390625,26188.5,0.0
2025-11-26 09:30:00,26191.349609375,26206.80078125,26191.19921875,26197.400390625,0.0
2025-11-26 09:35:00,26199.400390625,26213.69921875,26192.5,26213.55078125,0.0
2025-11-26 09:40:00,26214.80078125,26214.80078125,26206.55078125,26212.599609375,0.0
2025-11-26 09:45:00,26213.5,26213.5,26200.80078125,26204.849609375,0.0
2025-11-26 09:50:00,26205.150390625,26211.75,26198.400390625,26210.349609375,0.0
2025-11-26 09:55:00,26210.44921875,26210.900390625,26196.599609375,26202.69921875,0.0
2025-11-27 03:45:00,26261.25,26261.25,26210.849609375,26253.599609375,0.0
2025-11-27 03:50:00,26251.94921875,26289.599609375,26248.650390625,26274.400390625,0.0
2025-11-27 03:55:00,26274.69921875,26289.25,26258.650390625,26283.80078125,0.0
2025-11-27 04:00:00,26285.150390625,26286.599609375,26270.94921875,26279.599609375,0.0
2025-11-27 04:05:00,26279.94921875,26281.5,26251.55078125,26251.55078125,0.0
2025-11-27 04:10:00,26249.55078125,26254.75,26225.19921875,26238.0,0.0
2025-11-27 04:15:00,26236.599609375,26251.19921875,26223.69921875,26249.44921875,0.0
2025-11-27 04:20:00,26249.75,26267.19921875,26242.400390625,26259.099609375,0.0
2025-11-27 04:25:00,26258.69921875,26287.75,26258.69921875,26284.0,0.0
2025-11-27 04:30:00,26283.900390625,26295.349609375,26277.05078125,26288.650390625,0.0
2025-11-27 04:35:00,26287.75,26304.150390625,26287.75,26290.69921875,0.0
2025-11-27 04:40:00,26290.900390625,26291.349609375,26269.5,26283.0,0.0
2025-11-27 04:45:00,26282.69921875,26284.80078125,26273.94921875,26281.150390625,0.0
2025-11-27 04:50:00,26281.75,26287.599609375,26273.099609375,26275.849609375,0.0
2025-11-27 04:55:00,26276.94921875,26279.849609375,26265.650390625,26279.25,0.0
2025-11-27 05:00:00,26279.400390625,26285.400390625,26271.900390625,26277.25,0.0
2025-11-27 05:05:00,26276.349609375,26286.80078125,26273.150390625,26285.900390625,0.0
2025-11-27 05:10:00,26285.80078125,26291.900390625,26279.44921875,26284.55078125,0.0
2025-11-27 05:15:00,26285.75,26299.400390625,26285.099609375,26299.30078125,0.0
2025-11-27 05:20:00,26299.349609375,26310.05078125,26290.19921875,26291.75,0.0
2025-11-27 05:25:00,26291.30078125,26292.650390625,26283.650390625,26291.75,0.0
2025-11-27 05:30:00,26291.05078125,26302.150390625,26288.849609375,26296.05078125,0.0
2025-11-27 05:35:00,26295.75,26304.5,26294.0,26301.25,0.0
2025-11-27 05:40:00,26301.599609375,26303.099609375,26291.900390625,26297.650390625,0.0
2025-11-27 05:45:00,26297.650390625,26302.349609375,26281.599609375,26285.25,0.0
2025-11-27 05:50:00,26285.099609375,26287.19921875,26275.650390625,26282.94921875,0.0
2025-11-27 05:55:00,26283.599609375,26285.900390625,26278.099609375,26279.44921875,0.0
2025-11-27 06:00:00,26279.25,26280.0,26266.80078125,26270.400390625,0.0
2025-11-27 06:05:00,26270.5,26274.55078125,26262.75,26263.599609375,0.0
2025-11-27 06:10:00,26263.44921875,26274.400390625,26262.75,26269.30078125,0.0
2025-11-27 06:15:00,26269.599609375,26270.349609375,26233.69921875,26238.75,0.0
2025-11-27 06:20:00,26238.0,26245.650390625,26233.44921875,26240.650390625,0.0
2025-11-27 06:25:00,26241.19921875,26249.80078125,26235.650390625,26245.44921875,0.0
2025-11-27 06:30:00,26244.94921875,26262.55078125,26242.099609375,26243.80078125,0.0
2025-11-27 06:35:00,26244.75,26245.80078125,26228.650390625,26238.849609375,0.0
2025-11-27 06:40:00,26239.349609375,26246.849609375,26237.80078125,26243.94921875,0.0
2025-11-27 06:45:00,26244.0,26247.69921875,26230.900390625,26241.05078125,0.0
2025-11-27 06:50:00,26241.05078125,26244.25,26219.0,26222.150390625,0.0
2025-11-27 06:55:00,26222.69921875,26228.55078125,26214.94921875,26226.650390625,0.0
2025-11-27 07:00:00,26227.05078125,26230.0,26219.599609375,26220.55078125,0.0
2025-11-27 07:05:00,26219.849609375,26224.349609375,26218.80078125,26221.94921875,0.0
2025-11-27 07:10:00,26222.30078125,26248.150390625,26222.19921875,26247.650390625,0.0
2025-11-27 07:15:00,26248.19921875,26252.650390625,26243.150390625,26251.349609375,0.0
2025-11-27 07:20:00,26251.5,26256.94921875,26235.80078125,26241.94921875,0.0
2025-11-27 07:25:00,26240.900390625,26244.599609375,26236.599609375,26237.900390625,0.0
2025-11-27 07:30:00,26237.650390625,26239.400390625,26224.400390625,26230.05078125,0.0
2025-11-27 07:35:00,26230.05078125,26231.650390625,26216.19921875,26218.25,0.0
2025-11-27 07:40:00,26218.69921875,26222.599609375,26175.80078125,26178.30078125,0.0
2025-11-27 07:45:00,26177.25,26186.05078125,26167.94921875,26183.94921875,0.0
2025-11-27 07:50:00,26183.94921875,26194.44921875,26151.400390625,26154.69921875,0.0
2025-11-27 07:55:00,26154.44921875,26156.80078125,26145.05078125,26152.05078125,0.0
2025-11-27 08:00:00,26151.849609375,26169.5,26145.900390625,26168.400390625,0.0
2025-11-27 08:05:00,26168.0,26169.44921875,26148.5,26151.05078125,0.0
2025-11-27 08:10:00,26151.150390625,26154.30078125,26142.150390625,26148.400390625,0.0
2025-11-27 08:15:00,26148.05078125,26164.30078125,26143.599609375,26162.44921875,0.0
2025-11-27 08:20:00,26161.80078125,26179.599609375,26157.849609375,26179.599609375,0.0
2025-11-27 08:25:00,26179.099609375,26186.05078125,26170.0,26185.44921875,0.0
2025-11-27 08:30:00,26185.349609375,26190.0,26168.30078125,26177.650390625,0.0
2025-11-27 08:35:00,26177.19921875,26189.849609375,26175.94921875,26186.599609375,0.0
2025-11-27 08:40:00,26185.5,26197.25,26178.900390625,26180.94921875,0.0
2025-11-27 08:45:00,26180.5,26200.849609375,26172.30078125,26187.099609375,0.0
2025-11-27 08:50:00,26188.05078125,26206.80078125,26185.400390625,26199.900390625,0.0
2025-11-27 08:55:00,26199.19921875,26217.55078125,26199.19921875,26206.05078125,0.0
2025-11-27 09:00:00,26205.55078125,26222.44921875,26180.55078125,26206.94921875,0.0
2025-11-27 09:05:00,26205.400390625,26218.650390625,26196.5,26218.400390625,0.0
2025-11-27 09:10:00,26217.099609375,26218.900390625,26189.80078125,26206.19921875,0.0
2025-11-27 09:15:00,26205.849609375,26206.69921875,26193.349609375,26193.849609375,0.0
2025-11-27 09:20:00,26192.94921875,26193.80078125,26173.30078125,26179.150390625,0.0
2025-11-27 09:25:00,26177.900390625,26201.30078125,26173.599609375,26186.05078125,0.0
2025-11-27 09:30:00,26185.94921875,26228.19921875,26185.94921875,26212.69921875,0.0
2025-11-27 09:35:00,26211.5,26221.30078125,26202.30078125,26213.19921875,0.0
2025-11-27 09:40:00,26212.80078125,26218.80078125,26204.30078125,26213.150390625,0.0
2025-11-27 09:45:00,26212.650390625,26226.55078125,26207.599609375,26223.25,0.0
2025-11-27 09:50:00,26221.80078125,26234.19921875,26212.650390625,26220.30078125,0.0
2025-11-27 09:55:00,26220.55078125,26231.150390625,26217.75,26220.80078125,0.0
2025-11-28 03:45:00,26246.900390625,26246.900390625,26172.900390625,26242.150390625,0.0
2025-11-28 03:50:00,26242.94921875,26242.94921875,26214.349609375,26215.44921875,0.0
2025-11-28 03:55:00,26215.900390625,26241.0,26202.30078125,26229.650390625,0.0
2025-11-28 04:00:00,26231.0,26252.599609375,26222.0,26252.349609375,0.0
2025-11-28 04:05:00,26252.44921875,26254.44921875,26201.650390625,26209.55078125,0.0
2025-11-28 04:10:00,26211.0,26240.349609375,26209.150390625,26225.099609375,0.0
2025-11-28 04:15:00,26224.900390625,26241.75,26213.75,26238.69921875,0.0
2025-11-28 04:20:00,26240.05078125,26253.599609375,26232.599609375,26252.44921875,0.0
2025-11-28 04:25:00,26254.05078125,26254.75,26242.099609375,26250.650390625,0.0
2025-11-28 04:30:00,26252.099609375,26261.69921875,26247.650390625,26257.150390625,0.0
2025-11-28 04:35:00,26257.05078125,26267.19921875,26256.69921875,26262.099609375,0.0
2025-11-28 04:40:00,26263.05078125,26263.80078125,26239.30078125,26240.400390625,0.0
2025-11-28 04:45:00,26240.650390625,26245.44921875,26227.25,26232.650390625,0.0
2025-11-28 04:50:00,26232.44921875,26233.900390625,26220.849609375,26220.849609375,0.0
2025-11-28 04:55:00,26221.849609375,26239.05078125,26218.80078125,26236.19921875,0.0
2025-11-28 05:00:00,26235.80078125,26256.05078125,26234.55078125,26250.75,0.0
2025-11-28 05:05:00,26250.5,26269.900390625,26250.5,26267.650390625,0.0
2025-11-28 05:10:00,26267.849609375,26274.44921875,26264.349609375,26274.44921875,0.0
2025-11-28 05:15:00,26273.94921875,26280.19921875,26269.30078125,26273.44921875,0.0
2025-11-28 05:20:00,26270.25,26272.75,26260.94921875,26271.900390625,0.0
2025-11-28 05:25:00,26271.19921875,26271.5,26254.349609375,26259.400390625,0.0
2025-11-28 05:30:00,26259.400390625,26268.900390625,26252.25,26258.650390625,0.0
2025-11-28 05:35:00,26258.05078125,26262.44921875,26246.099609375,26247.94921875,0.0
2025-11-28 05:40:00,26247.80078125,26267.400390625,26245.150390625,26266.5,0.0
2025-11-28 05:45:00,26266.900390625,26273.25,26261.599609375,26264.25,0.0
2025-11-28 05:50:00,26263.75,26264.5,26240.94921875,26242.900390625,0.0
2025-11-28 05:55:00,26242.349609375,26247.94921875,26236.75,26243.400390625,0.0
2025-11-28 06:00:00,26243.150390625,26250.69921875,26240.55078125,26245.69921875,0.0
2025-11-28 06:05:00,26244.849609375,26246.55078125,26232.599609375,26244.400390625,0.0
2025-11-28 06:10:00,26244.650390625,26250.900390625,26234.349609375,26247.94921875,0.0
2025-11-28 06:15:00,26246.94921875,26256.900390625,26246.0,26256.69921875,0.0
2025-11-28 06:20:00,26256.599609375,26257.099609375,26245.80078125,26250.25,0.0
2025-11-28 06:25:00,26250.099609375,26256.25,26238.05078125,26247.099609375,0.0
2025-11-28 06:30:00,26247.400390625,26253.150390625,26242.05078125,26244.25,0.0
2025-11-28 06:35:00,26243.69921875,26249.400390625,26232.849609375,26235.19921875,0.0
2025-11-28 06:40:00,26234.25,26243.400390625,26233.30078125,26240.75,0.0
2025-11-28 06:45:00,26239.349609375,26240.55078125,26225.400390625,26227.849609375,0.0
2025-11-28 06:50:00,26227.19921875,26234.19921875,26220.30078125,26222.599609375,0.0
2025-11-28 06:55:00,26222.349609375,26225.900390625,26217.849609375,26220.900390625,0.0
2025-11-28 07:00:00,26220.05078125,26237.900390625,26218.0,26237.19921875,0.0
2025-11-28 07:05:00,26236.75,26240.150390625,26228.94921875,26236.19921875,0.0
2025-11-28 07:10:00,26235.650390625,26235.75,26226.150390625,26230.0,0.0
2025-11-28 07:15:00,26229.849609375,26230.650390625,26204.0,26207.80078125,0.0
2025-11-28 07:20:00,26207.75,26217.69921875,26205.75,26217.0,0.0
2025-11-28 07:25:00,26217.150390625,26228.75,26211.30078125,26226.099609375,0.0
2025-11-28 07:30:00,26225.5,26227.400390625,26216.099609375,26224.44921875,0.0
2025-11-28 07:35:00,26223.650390625,26225.75,26215.19921875,26220.44921875,0.0
2025-11-28 07:40:00,26219.849609375,26220.75,26212.650390625,26217.900390625,0.0
2025-11-28 07:45:00,26217.44921875,26224.650390625,26208.44921875,26209.80078125,0.0
2025-11-28 07:50:00,26209.75,26227.5,26203.900390625,26227.5,0.0
2025-11-28 07:55:00,26226.25,26227.30078125,26214.849609375,26225.099609375,0.0
2025-11-28 08:00:00,26225.650390625,26234.900390625,26223.099609375,26229.80078125,0.0
2025-11-28 08:05:00,26230.0,26233.19921875,26220.19921875,26229.5,0.0
2025-11-28 08:10:00,26228.44921875,26229.599609375,26216.25,26217.69921875,0.0
2025-11-28 08:15:00,26217.0,26218.099609375,26203.05078125,26206.25,0.0
2025-11-28 08:20:00,26206.75,26210.69921875,26203.80078125,26209.650390625,0.0
2025-11-28 08:22:32,26202.75,26202.75,26202.75,26202.75,0.0
